cohort,training_rows,test_set,test_rows,scenario,seed,correlation,rmse,mae,bias,prediction_sd,coverage_95_of_individual_truth,r_loss,oracle_r_loss,propensity_rmse,outcome_nuisance_rmse,median_leaves_per_tree,median_effect_patients_per_leaf
extended,800000,full_200k,200000,all,1120042,0.9271810817906059,0.06861035449024164,0.05197170777425528,-0.006750174057928392,0.1596626022616987,0.865745,0.16411045821769318,0.1611856397011762,0.009566261976649906,0.05346616213505513,9064.5,15.0
extended,800000,common_20k,20000,all,1120042,0.9282155201344757,0.06839822711963862,0.051897058787737795,-0.006797186623989483,0.1603013605759942,0.86555,0.16405632734971454,0.16161850270482822,0.009603977160103189,0.05363621690179825,9064.5,15.0
extended,800000,full_200k,200000,all,120042,0.9266507469812397,0.06875087543268674,0.052136440544503296,-0.006881682872926418,0.1605271874513225,0.864135,0.16409925999928923,0.1611738685843829,0.009566261976649906,0.05346616213505513,9059.0,15.0
extended,800000,common_20k,20000,all,120042,0.9267879835359836,0.0689408845374093,0.0522264499237893,-0.006954042296115266,0.16100404578644514,0.86435,0.16411419033167618,0.16168356079776933,0.009603977160103189,0.05363621690179825,9059.0,15.0
extended,800000,full_200k,200000,all,2120042,0.927095378895153,0.06857190376067696,0.05190324207479269,-0.006506404951003219,0.16010602387993292,0.86628,0.16411089536338258,0.1611867230252483,0.009566261976649906,0.05346616213505513,9107.0,15.0
extended,800000,common_20k,20000,all,2120042,0.9282424099817623,0.06834731315214636,0.05166669573935876,-0.006454078726695766,0.16035302105634344,0.8658,0.1640969134012892,0.16166428972137653,0.009603977160103189,0.05363621690179825,9107.0,15.0
extended,800000,full_200k,200000,modifiers,1120042,0.834330978313201,0.10439325170054779,0.08048136663465548,-0.008309203898978455,0.18059725666858453,0.79106,0.16478315241004712,0.16186174215240592,0.009566261976649906,0.05346616213505513,11349.5,14.0
extended,800000,common_20k,20000,modifiers,1120042,0.8356686673523213,0.10425941343691154,0.08041776146176662,-0.007296935945424401,0.1812426213628465,0.79375,0.16453132313577237,0.16210242795606022,0.009603977160103189,0.05363621690179825,11349.5,14.0
extended,800000,full_200k,200000,modifiers,120042,0.8341277785525221,0.10514468438098891,0.08087396143148526,-0.008531360720046548,0.18287779880490226,0.79162,0.16477077676466623,0.16184954342184305,0.009566261976649906,0.05346616213505513,11248.0,14.0
extended,800000,common_20k,20000,modifiers,120042,0.8358406518077777,0.10483904624205442,0.080686987355,-0.007561728275827059,0.18334928582949342,0.79145,0.16458146524269332,0.16214691932724726,0.009603977160103189,0.05363621690179825,11248.0,14.0
extended,800000,full_200k,200000,modifiers,2120042,0.8352811723317387,0.10399929977099616,0.08007709642010716,-0.008294984656863267,0.180259856621862,0.789925,0.16476831782954246,0.1618465478625243,0.009566261976649906,0.05346616213505513,11225.0,14.0
extended,800000,common_20k,20000,modifiers,2120042,0.8363017123250162,0.10393765537934206,0.08019660649321696,-0.007088058924758824,0.18086037819236717,0.7871,0.16449702651998838,0.16207005245359124,0.009603977160103189,0.05363621690179825,11225.0,14.0
previous,800,common_20k,20000,all,1120042,0.6182921873227233,0.17367970888629738,0.14156074464235485,-0.08542802520876311,0.06228852663279652,0.4786,0.17106235039697762,0.165671329116195,0.049733782576840774,0.07814700433594275,11.0,15.0
previous,800,common_20k,20000,all,120042,0.5942151409924795,0.18621253881774955,0.1533806959454987,-0.10335788964065658,0.0563122422913867,0.4535,0.17171860645701412,0.16630976573153664,0.049733782576840774,0.07814700433594275,11.0,15.0
previous,800,common_20k,20000,all,2120042,0.6362790722438055,0.1857697107384413,0.1529919454465812,-0.10748684752103073,0.05780886961845542,0.4416,0.17150565497201636,0.1661119267315944,0.049733782576840774,0.07814700433594275,11.0,15.0
previous,800,common_20k,20000,modifiers,1120042,0.6747712315627196,0.16429989065745354,0.13458129787983597,-0.08826666395386695,0.08726836389691082,0.46445,0.1703800878394454,0.16507590164552927,0.049733782576840774,0.07814700433594275,9.0,17.0
previous,800,common_20k,20000,modifiers,120042,0.6660750475465786,0.17449748988038763,0.14482348022431574,-0.10568757481295092,0.09037385317389143,0.4676,0.1707889673704527,0.1654545317978898,0.049733782576840774,0.07814700433594275,8.0,17.0
previous,800,common_20k,20000,modifiers,2120042,0.6552453155096156,0.17965013160065404,0.14905439363424253,-0.11197016103914369,0.08864525806162875,0.46325,0.17100146943067118,0.1656819590203112,0.049733782576840774,0.07814700433594275,9.0,17.0
previous,8000,common_20k,20000,all,1120042,0.8047625587180669,0.11683302631395834,0.08894442344370843,-0.019025464586793408,0.1052737317821706,0.7317,0.16589621963830356,0.16318986444040975,0.019926651132345933,0.0562504698898738,106.0,15.0
previous,8000,common_20k,20000,all,120042,0.7926477655199681,0.11805413294077799,0.09033913908188954,-0.019133747543180424,0.10768311091178714,0.723,0.16589630627416846,0.16320084012544667,0.019926651132345933,0.0562504698898738,106.0,15.0
previous,8000,common_20k,20000,all,2120042,0.803116166009391,0.11671287941153523,0.08923960536580783,-0.019666030622540315,0.10672712752182165,0.72755,0.1659194835511699,0.16322248604834663,0.019926651132345933,0.0562504698898738,107.0,15.0
previous,8000,common_20k,20000,modifiers,1120042,0.8011884031187205,0.11046530432845478,0.08621490765383746,-0.019644574501805172,0.14847738967580854,0.7579,0.16530138235769778,0.16257849257554677,0.019926651132345933,0.0562504698898738,86.0,16.0
previous,8000,common_20k,20000,modifiers,120042,0.7971093254957334,0.11136002266859144,0.08711711935091848,-0.019042393369502888,0.1487126799617647,0.7394,0.16531481766943626,0.16259904980315912,0.019926651132345933,0.0562504698898738,86.0,16.0
previous,8000,common_20k,20000,modifiers,2120042,0.8013958412757158,0.11049227279153596,0.08658046096019502,-0.02017630750978363,0.14769093441374428,0.7536,0.16529170126887258,0.16258402125925636,0.019926651132345933,0.0562504698898738,86.0,16.0
previous,80000,common_20k,20000,all,1120042,0.8847074985576826,0.08690952727346847,0.0660463242874191,-0.00956718687077124,0.14342166744328808,0.8076,0.16450094632244905,0.16209969974124788,0.011508487908423523,0.0539337816734568,1005.0,15.0
previous,80000,common_20k,20000,all,120042,0.8860076698898268,0.08695838832103596,0.06614443396577199,-0.00994823580385668,0.141552578388081,0.81025,0.16453173143445834,0.16212798460656613,0.011508487908423523,0.0539337816734568,1004.0,15.0
previous,80000,common_20k,20000,all,2120042,0.8839320451073575,0.0866922850086628,0.0661089823769211,-0.008322271201930655,0.14514196084662706,0.8138,0.16447635255337015,0.16207021618082917,0.011508487908423523,0.0539337816734568,1004.0,15.0
previous,80000,common_20k,20000,modifiers,1120042,0.8260370378767827,0.107042439582645,0.08246946171407087,-0.010912486436429319,0.17939997991412296,0.7785,0.16474915960822686,0.16234328979404344,0.011508487908423523,0.0539337816734568,1041.0,15.0
previous,80000,common_20k,20000,modifiers,120042,0.8281185579201775,0.10644654374403666,0.08246210361991141,-0.011876928516641433,0.17916511501123822,0.77975,0.16477049844799554,0.16236924640285944,0.011508487908423523,0.0539337816734568,1036.5,15.0
previous,80000,common_20k,20000,modifiers,2120042,0.8268672995597778,0.10630137906500899,0.08238102273791477,-0.010021974457907862,0.17790255573064068,0.7817,0.16478888149020068,0.16237757832904762,0.011508487908423523,0.0539337816734568,1048.5,15.0
