snapshot_utc,feature_id,name,retained_confounder,fold_001,fold_002,fold_003,fold_004,fold_005,top_8_folds,top_16_folds,top_32_folds,top_64_folds
2026-09-22T16:11:23.286833+00:00,outer_001_feature_228,neutrophil_to_lymphocyte_ratio,True,3,2,9,3,1,4,5,5,5
2026-09-22T16:11:23.286833+00:00,outer_001_feature_349,white_blood_cell_count,True,1,4,7,37,3,4,4,4,5
2026-09-22T16:11:23.286833+00:00,outer_001_feature_076,ck5_6_expression,False,4,3,6,51,14,3,4,4,5
2026-09-22T16:11:23.286833+00:00,outer_001_feature_176,ki67_proliferation_index,False,14,5,15,49,10,1,4,4,5
2026-09-22T16:11:23.286833+00:00,outer_001_feature_330,ttf1_expression,False,26,10,2,27,2,2,3,5,5
2026-09-22T16:11:23.286833+00:00,outer_001_feature_214,met_amplification_status,False,13,21,8,10,42,1,3,4,5
2026-09-22T16:11:23.286833+00:00,outer_001_feature_103,dizziness_present,False,64,16,16,4,outside_top_64,1,3,3,4
2026-09-22T16:11:23.286833+00:00,outer_001_feature_037,blood_urea_nitrogen,True,9,outside_top_64,outside_top_64,9,13,0,3,3,3
2026-09-22T16:11:23.286833+00:00,outer_001_feature_113,emphysema,False,8,32,outside_top_64,18,5,2,2,4,4
2026-09-22T16:11:23.286833+00:00,outer_001_feature_001,absolute_lymphocyte_count,True,20,62,outside_top_64,1,7,2,2,3,4
2026-09-22T16:11:23.286833+00:00,outer_001_feature_267,prior_platinum_chemotherapy,True,29,6,41,8,46,2,2,3,5
2026-09-22T16:11:23.286833+00:00,outer_001_feature_205,medication_denosumab,False,2,49,10,outside_top_64,outside_top_64,1,2,2,3
2026-09-22T16:11:23.286833+00:00,outer_001_feature_022,anxiety_present,False,30,outside_top_64,12,outside_top_64,15,0,2,3,3
2026-09-22T16:11:23.286833+00:00,outer_001_feature_340,ventricular_hemorrhage,True,outside_top_64,15,14,41,17,0,2,3,4
2026-09-22T16:11:23.286833+00:00,outer_001_feature_303,skeletal_compression_fracture,False,11,outside_top_64,outside_top_64,13,44,0,2,2,3
2026-09-22T16:11:23.286833+00:00,outer_001_feature_315,targeted_therapy_use,False,47,outside_top_64,outside_top_64,15,12,0,2,2,3
2026-09-22T16:11:23.286833+00:00,outer_001_feature_049,brain_lesion_count,True,outside_top_64,18,outside_top_64,5,outside_top_64,1,1,2,2
2026-09-22T16:11:23.286833+00:00,outer_001_feature_095,creatinine_clearance,True,43,7,outside_top_64,outside_top_64,21,1,1,2,3
2026-09-22T16:11:23.286833+00:00,outer_001_feature_108,dyspnea_severity,True,41,23,5,33,38,1,1,2,5
2026-09-22T16:11:23.286833+00:00,outer_001_feature_122,epidural_hemorrhage,False,outside_top_64,outside_top_64,1,26,outside_top_64,1,1,2,2
2026-09-22T16:11:23.286833+00:00,outer_001_feature_146,glucose_level,True,24,outside_top_64,outside_top_64,6,outside_top_64,1,1,2,2
2026-09-22T16:11:23.286833+00:00,outer_001_feature_168,imaging_pet_suv_max,True,outside_top_64,64,outside_top_64,32,6,1,1,2,3
2026-09-22T16:11:23.286833+00:00,outer_001_feature_179,kras_g12c_variant_allele_frequency,False,53,24,4,outside_top_64,outside_top_64,1,1,2,3
2026-09-22T16:11:23.286833+00:00,outer_001_feature_300,serum_potassium,False,6,26,outside_top_64,outside_top_64,outside_top_64,1,1,2,2
2026-09-22T16:11:23.286833+00:00,outer_001_feature_060,cancer_related_fatigue_severity,False,outside_top_64,outside_top_64,outside_top_64,outside_top_64,8,1,1,1,1
2026-09-22T16:11:23.286833+00:00,outer_001_feature_065,cea_level,False,7,46,outside_top_64,outside_top_64,outside_top_64,1,1,1,2
2026-09-22T16:11:23.286833+00:00,outer_001_feature_125,estimated_glomerular_filtration_rate,False,44,1,outside_top_64,outside_top_64,47,1,1,1,3
2026-09-22T16:11:23.286833+00:00,outer_001_feature_216,metastasis_location,True,outside_top_64,58,58,2,outside_top_64,1,1,1,3
2026-09-22T16:11:23.286833+00:00,outer_001_feature_224,napsin_a_expression,True,outside_top_64,36,63,outside_top_64,4,1,1,1,3
2026-09-22T16:11:23.286833+00:00,outer_001_feature_264,primary_tumor_location,True,outside_top_64,outside_top_64,outside_top_64,7,outside_top_64,1,1,1,1
2026-09-22T16:11:23.286833+00:00,outer_001_feature_272,psychiatric_symptom_presence,True,outside_top_64,outside_top_64,3,outside_top_64,55,1,1,1,2
2026-09-22T16:11:23.286833+00:00,outer_001_feature_311,surgical_margin_status,False,outside_top_64,8,outside_top_64,43,outside_top_64,1,1,1,2
2026-09-22T16:11:23.286833+00:00,outer_001_feature_347,weight,True,5,outside_top_64,outside_top_64,outside_top_64,57,1,1,1,2
2026-09-22T16:11:23.286833+00:00,outer_001_feature_064,cdkn2a_mutation_status,False,outside_top_64,20,20,outside_top_64,16,0,1,3,3
2026-09-22T16:11:23.286833+00:00,outer_001_feature_127,extra_axial_fluid_collection,False,outside_top_64,outside_top_64,32,11,outside_top_64,0,1,2,2
2026-09-22T16:11:23.286833+00:00,outer_001_feature_165,imaging_finding_right_lower_lobe_mass,True,10,48,outside_top_64,34,22,0,1,2,4
2026-09-22T16:11:23.286833+00:00,outer_001_feature_183,lesion_size,True,outside_top_64,12,22,54,51,0,1,2,4
2026-09-22T16:11:23.286833+00:00,outer_001_feature_201,mediastinal_lymph_node_dissection_performed,True,outside_top_64,13,outside_top_64,outside_top_64,27,0,1,2,2
2026-09-22T16:11:23.286833+00:00,outer_001_feature_276,pulmonary_nodules_presence,True,15,37,outside_top_64,outside_top_64,25,0,1,2,3
2026-09-22T16:11:23.286833+00:00,outer_001_feature_004,actionable_molecular_alterations,False,outside_top_64,outside_top_64,11,outside_top_64,outside_top_64,0,1,1,1
2026-09-22T16:11:23.286833+00:00,outer_001_feature_081,community_acquired_pneumonia_presence,True,outside_top_64,11,outside_top_64,outside_top_64,outside_top_64,0,1,1,1
2026-09-22T16:11:23.286833+00:00,outer_001_feature_085,confusion_present,False,62,outside_top_64,outside_top_64,12,41,0,1,1,3
2026-09-22T16:11:23.286833+00:00,outer_001_feature_096,creatinine_level,True,39,14,outside_top_64,outside_top_64,outside_top_64,0,1,1,2
2026-09-22T16:11:23.286833+00:00,outer_001_feature_109,ecog_performance_status,True,outside_top_64,9,61,outside_top_64,outside_top_64,0,1,1,2
2026-09-22T16:11:23.286833+00:00,outer_001_feature_121,eortc_qlq_c30_social_function,True,outside_top_64,outside_top_64,outside_top_64,outside_top_64,9,0,1,1,1
2026-09-22T16:11:23.286833+00:00,outer_001_feature_124,esophagitis,False,12,outside_top_64,outside_top_64,outside_top_64,outside_top_64,0,1,1,1
2026-09-22T16:11:23.286833+00:00,outer_001_feature_177,knee_osteoarthritis_presence,True,outside_top_64,outside_top_64,outside_top_64,16,outside_top_64,0,1,1,1
2026-09-22T16:11:23.286833+00:00,outer_001_feature_212,medication_pemetrexed,True,outside_top_64,38,outside_top_64,39,11,0,1,1,3
2026-09-22T16:11:23.286833+00:00,outer_001_feature_252,periventricular_signal_abnormality,True,16,outside_top_64,outside_top_64,outside_top_64,outside_top_64,0,1,1,1
2026-09-22T16:11:23.286833+00:00,outer_001_feature_297,serum_calcium,True,outside_top_64,outside_top_64,13,outside_top_64,39,0,1,1,2
2026-09-22T16:11:23.286833+00:00,outer_001_feature_348,wheezing_presence,True,outside_top_64,outside_top_64,outside_top_64,14,outside_top_64,0,1,1,1
2026-09-22T16:11:23.286833+00:00,outer_001_feature_334,tumor_mutational_burden,False,27,28,outside_top_64,outside_top_64,31,0,0,3,3
2026-09-22T16:11:23.286833+00:00,outer_001_feature_026,ast_level,False,52,outside_top_64,30,24,outside_top_64,0,0,2,3
2026-09-22T16:11:23.286833+00:00,outer_001_feature_030,axial_structure_abnormality,False,19,outside_top_64,outside_top_64,17,outside_top_64,0,0,2,2
2026-09-22T16:11:23.286833+00:00,outer_001_feature_033,biomarker_fgfr_status,True,outside_top_64,31,24,outside_top_64,60,0,0,2,3
2026-09-22T16:11:23.286833+00:00,outer_001_feature_034,biopsy_method,True,18,outside_top_64,53,48,19,0,0,2,4
2026-09-22T16:11:23.286833+00:00,outer_001_feature_188,liver_metastasis_presence,True,outside_top_64,outside_top_64,28,22,58,0,0,2,3
2026-09-22T16:11:23.286833+00:00,outer_001_feature_204,medication_cisplatin,False,outside_top_64,29,outside_top_64,outside_top_64,26,0,0,2,2
2026-09-22T16:11:23.286833+00:00,outer_001_feature_226,necrotic_fluid_presence,False,outside_top_64,47,outside_top_64,30,29,0,0,2,3
2026-09-22T16:11:23.286833+00:00,outer_001_feature_312,surgical_procedure,False,outside_top_64,41,35,21,28,0,0,2,4
2026-09-22T16:11:23.286833+00:00,outer_001_feature_338,vasogenic_edema_presence,True,outside_top_64,17,outside_top_64,23,35,0,0,2,3
2026-09-22T16:11:23.286833+00:00,outer_001_feature_006,adjuvant_chemotherapy_administered,True,48,25,outside_top_64,59,36,0,0,1,4
2026-09-22T16:11:23.286833+00:00,outer_001_feature_008,adrenal_nodule_size,True,outside_top_64,outside_top_64,outside_top_64,outside_top_64,23,0,0,1,1
2026-09-22T16:11:23.286833+00:00,outer_001_feature_024,appetite_status,False,outside_top_64,57,outside_top_64,31,40,0,0,1,3
2026-09-22T16:11:23.286833+00:00,outer_001_feature_036,blood_pressure,True,outside_top_64,outside_top_64,26,53,outside_top_64,0,0,1,2
2026-09-22T16:11:23.286833+00:00,outer_001_feature_045,bone_pain_status,True,outside_top_64,61,25,outside_top_64,outside_top_64,0,0,1,2
2026-09-22T16:11:23.286833+00:00,outer_001_feature_048,brain_edema_status,True,outside_top_64,outside_top_64,27,outside_top_64,outside_top_64,0,0,1,1
2026-09-22T16:11:23.286833+00:00,outer_001_feature_053,brain_structure_enhancement,True,outside_top_64,outside_top_64,outside_top_64,20,outside_top_64,0,0,1,1
2026-09-22T16:11:23.286833+00:00,outer_001_feature_055,brainstem_size,False,outside_top_64,outside_top_64,34,35,32,0,0,1,3
2026-09-22T16:11:23.286833+00:00,outer_001_feature_057,calvarium_lytic_sclerotic_lesions,False,outside_top_64,outside_top_64,17,outside_top_64,outside_top_64,0,0,1,1
2026-09-22T16:11:23.286833+00:00,outer_001_feature_082,comorbidities,True,outside_top_64,outside_top_64,outside_top_64,25,outside_top_64,0,0,1,1
2026-09-22T16:11:23.286833+00:00,outer_001_feature_099,deconditioning,True,22,59,55,outside_top_64,outside_top_64,0,0,1,3
2026-09-22T16:11:23.286833+00:00,outer_001_feature_114,employment_status,True,49,outside_top_64,23,47,outside_top_64,0,0,1,3
2026-09-22T16:11:23.286833+00:00,outer_001_feature_117,eortc_qlq_c30_emotional_function,True,outside_top_64,outside_top_64,outside_top_64,outside_top_64,20,0,0,1,1
2026-09-22T16:11:23.286833+00:00,outer_001_feature_134,fatigue,True,outside_top_64,outside_top_64,outside_top_64,outside_top_64,30,0,0,1,1
2026-09-22T16:11:23.286833+00:00,outer_001_feature_142,genetic_mutation_status,False,28,outside_top_64,outside_top_64,outside_top_64,outside_top_64,0,0,1,1
2026-09-22T16:11:23.286833+00:00,outer_001_feature_143,genomic_dna_input_amount,True,outside_top_64,outside_top_64,29,outside_top_64,outside_top_64,0,0,1,1
2026-09-22T16:11:23.286833+00:00,outer_001_feature_166,imaging_finding_upper_lobe_mass,True,outside_top_64,22,42,outside_top_64,43,0,0,1,3
2026-09-22T16:11:23.286833+00:00,outer_001_feature_185,lipid_lowering_therapy_use,True,outside_top_64,outside_top_64,31,outside_top_64,outside_top_64,0,0,1,1
2026-09-22T16:11:23.286833+00:00,outer_001_feature_215,metabolic_response,False,outside_top_64,outside_top_64,outside_top_64,29,outside_top_64,0,0,1,1
2026-09-22T16:11:23.286833+00:00,outer_001_feature_232,occupation,True,outside_top_64,outside_top_64,outside_top_64,28,outside_top_64,0,0,1,1
2026-09-22T16:11:23.286833+00:00,outer_001_feature_243,p40_expression,False,outside_top_64,30,outside_top_64,outside_top_64,outside_top_64,0,0,1,1
2026-09-22T16:11:23.286833+00:00,outer_001_feature_246,palliative_care_status,True,31,outside_top_64,outside_top_64,outside_top_64,outside_top_64,0,0,1,1
2026-09-22T16:11:23.286833+00:00,outer_001_feature_250,peripheral_neuropathy_grade,True,outside_top_64,27,outside_top_64,outside_top_64,outside_top_64,0,0,1,1
2026-09-22T16:11:23.286833+00:00,outer_001_feature_254,pi3k_pathway_activation,True,outside_top_64,outside_top_64,outside_top_64,outside_top_64,18,0,0,1,1
2026-09-22T16:11:23.286833+00:00,outer_001_feature_259,pleural_effusion,True,32,outside_top_64,outside_top_64,outside_top_64,outside_top_64,0,0,1,1
2026-09-22T16:11:23.286833+00:00,outer_001_feature_260,pneumonia_diagnosis,True,17,outside_top_64,outside_top_64,outside_top_64,outside_top_64,0,0,1,1
2026-09-22T16:11:23.286833+00:00,outer_001_feature_275,pulmonary_lesion_presence,False,23,outside_top_64,outside_top_64,outside_top_64,outside_top_64,0,0,1,1
2026-09-22T16:11:23.286833+00:00,outer_001_feature_279,qlq_c30_role_function,True,outside_top_64,outside_top_64,19,outside_top_64,37,0,0,1,2
2026-09-22T16:11:23.286833+00:00,outer_001_feature_281,radiation_therapy_session_count,False,outside_top_64,19,39,outside_top_64,outside_top_64,0,0,1,2
2026-09-22T16:11:23.286833+00:00,outer_001_feature_299,serum_creatinine,False,outside_top_64,outside_top_64,outside_top_64,outside_top_64,24,0,0,1,1
2026-09-22T16:11:23.286833+00:00,outer_001_feature_313,systolic_blood_pressure,True,outside_top_64,outside_top_64,21,outside_top_64,outside_top_64,0,0,1,1
2026-09-22T16:11:23.286833+00:00,outer_001_feature_324,tp53_r273h_mutation_status,True,21,outside_top_64,50,62,63,0,0,1,4
2026-09-22T16:11:23.286833+00:00,outer_001_feature_336,unintended_weight_change,True,25,outside_top_64,outside_top_64,outside_top_64,59,0,0,1,2
2026-09-22T16:11:23.286833+00:00,outer_001_feature_342,vertebral_metastasis_presence,False,35,43,18,outside_top_64,61,0,0,1,4
2026-09-22T16:11:23.286833+00:00,outer_001_feature_352,zoledronic_acid_dose_frequency,False,outside_top_64,outside_top_64,outside_top_64,19,outside_top_64,0,0,1,1
2026-09-22T16:11:23.286833+00:00,outer_001_feature_002,absolute_neutrophil_count,True,outside_top_64,outside_top_64,outside_top_64,outside_top_64,outside_top_64,0,0,0,0
2026-09-22T16:11:23.286833+00:00,outer_001_feature_003,acetaminophen_administered,True,outside_top_64,outside_top_64,outside_top_64,outside_top_64,outside_top_64,0,0,0,0
2026-09-22T16:11:23.286833+00:00,outer_001_feature_005,acute_kidney_injury_history,False,outside_top_64,outside_top_64,outside_top_64,outside_top_64,outside_top_64,0,0,0,0
2026-09-22T16:11:23.286833+00:00,outer_001_feature_007,adrenal_metastasis_presence,True,37,outside_top_64,outside_top_64,outside_top_64,52,0,0,0,2
2026-09-22T16:11:23.286833+00:00,outer_001_feature_009,age,True,outside_top_64,outside_top_64,40,outside_top_64,outside_top_64,0,0,0,1
2026-09-22T16:11:23.286833+00:00,outer_001_feature_010,airway_involvement,True,outside_top_64,outside_top_64,outside_top_64,outside_top_64,45,0,0,0,1
2026-09-22T16:11:23.286833+00:00,outer_001_feature_011,albuterol_use,True,outside_top_64,outside_top_64,outside_top_64,outside_top_64,outside_top_64,0,0,0,0
2026-09-22T16:11:23.286833+00:00,outer_001_feature_012,alcohol_use,True,outside_top_64,outside_top_64,outside_top_64,outside_top_64,outside_top_64,0,0,0,0
2026-09-22T16:11:23.286833+00:00,outer_001_feature_013,alk_mutation_status,False,outside_top_64,outside_top_64,outside_top_64,outside_top_64,outside_top_64,0,0,0,0
2026-09-22T16:11:23.286833+00:00,outer_001_feature_014,alk_rearrangement_status,False,outside_top_64,outside_top_64,outside_top_64,outside_top_64,outside_top_64,0,0,0,0
2026-09-22T16:11:23.286833+00:00,outer_001_feature_015,alkaline_phosphatase_level,True,outside_top_64,outside_top_64,outside_top_64,36,outside_top_64,0,0,0,1
2026-09-22T16:11:23.286833+00:00,outer_001_feature_016,alt_level,False,outside_top_64,outside_top_64,outside_top_64,outside_top_64,outside_top_64,0,0,0,0
2026-09-22T16:11:23.286833+00:00,outer_001_feature_017,ambulation_status,True,outside_top_64,outside_top_64,outside_top_64,outside_top_64,outside_top_64,0,0,0,0
2026-09-22T16:11:23.286833+00:00,outer_001_feature_018,anemia_type,False,54,outside_top_64,outside_top_64,outside_top_64,outside_top_64,0,0,0,1
2026-09-22T16:11:23.286833+00:00,outer_001_feature_019,anticoagulant_use,True,outside_top_64,outside_top_64,outside_top_64,outside_top_64,outside_top_64,0,0,0,0
2026-09-22T16:11:23.286833+00:00,outer_001_feature_020,antidiabetic_use,False,outside_top_64,outside_top_64,outside_top_64,outside_top_64,outside_top_64,0,0,0,0
2026-09-22T16:11:23.286833+00:00,outer_001_feature_021,antihypertensive_use,True,38,outside_top_64,outside_top_64,outside_top_64,outside_top_64,0,0,0,1
2026-09-22T16:11:23.286833+00:00,outer_001_feature_023,appendectomy_history,False,outside_top_64,outside_top_64,outside_top_64,outside_top_64,outside_top_64,0,0,0,0
2026-09-22T16:11:23.286833+00:00,outer_001_feature_025,asbestos_exposure_history,False,outside_top_64,outside_top_64,outside_top_64,outside_top_64,outside_top_64,0,0,0,0
2026-09-22T16:11:23.286833+00:00,outer_001_feature_027,atorvastatin_dose,True,outside_top_64,outside_top_64,outside_top_64,44,outside_top_64,0,0,0,1
2026-09-22T16:11:23.286833+00:00,outer_001_feature_028,atrial_fibrillation_presence,False,outside_top_64,outside_top_64,outside_top_64,outside_top_64,outside_top_64,0,0,0,0
2026-09-22T16:11:23.286833+00:00,outer_001_feature_029,audiogram_status,False,outside_top_64,outside_top_64,outside_top_64,outside_top_64,outside_top_64,0,0,0,0
2026-09-22T16:11:23.286833+00:00,outer_001_feature_031,azithromycin_use,False,outside_top_64,outside_top_64,outside_top_64,outside_top_64,outside_top_64,0,0,0,0
2026-09-22T16:11:23.286833+00:00,outer_001_feature_032,biomarker_egfr_status,True,outside_top_64,outside_top_64,outside_top_64,outside_top_64,outside_top_64,0,0,0,0
2026-09-22T16:11:23.286833+00:00,outer_001_feature_035,bisphosphonate_therapy_status,True,outside_top_64,outside_top_64,outside_top_64,outside_top_64,outside_top_64,0,0,0,0
2026-09-22T16:11:23.286833+00:00,outer_001_feature_038,bmi,True,outside_top_64,outside_top_64,outside_top_64,outside_top_64,outside_top_64,0,0,0,0
2026-09-22T16:11:23.286833+00:00,outer_001_feature_039,body_temperature,False,outside_top_64,outside_top_64,outside_top_64,outside_top_64,outside_top_64,0,0,0,0
2026-09-22T16:11:23.286833+00:00,outer_001_feature_040,body_weight,True,outside_top_64,outside_top_64,outside_top_64,outside_top_64,outside_top_64,0,0,0,0
2026-09-22T16:11:23.286833+00:00,outer_001_feature_041,bolus_dose_confirmed,False,outside_top_64,outside_top_64,outside_top_64,outside_top_64,outside_top_64,0,0,0,0
2026-09-22T16:11:23.286833+00:00,outer_001_feature_042,bone_lesion_characteristics,True,outside_top_64,outside_top_64,60,outside_top_64,outside_top_64,0,0,0,1
2026-09-22T16:11:23.286833+00:00,outer_001_feature_043,bone_metastasis_presence,True,outside_top_64,outside_top_64,outside_top_64,outside_top_64,outside_top_64,0,0,0,0
2026-09-22T16:11:23.286833+00:00,outer_001_feature_044,bone_pain_location,True,outside_top_64,outside_top_64,36,outside_top_64,outside_top_64,0,0,0,1
2026-09-22T16:11:23.286833+00:00,outer_001_feature_046,booster_vaccination_indication,False,outside_top_64,outside_top_64,outside_top_64,outside_top_64,outside_top_64,0,0,0,0
2026-09-22T16:11:23.286833+00:00,outer_001_feature_047,braf_mutation_status,True,outside_top_64,outside_top_64,outside_top_64,outside_top_64,outside_top_64,0,0,0,0
2026-09-22T16:11:23.286833+00:00,outer_001_feature_050,brain_lesion_size,True,outside_top_64,outside_top_64,outside_top_64,outside_top_64,outside_top_64,0,0,0,0
2026-09-22T16:11:23.286833+00:00,outer_001_feature_051,brain_metastases_location,True,outside_top_64,outside_top_64,outside_top_64,outside_top_64,outside_top_64,0,0,0,0
2026-09-22T16:11:23.286833+00:00,outer_001_feature_052,brain_metastases_presence,False,outside_top_64,outside_top_64,49,46,outside_top_64,0,0,0,2
2026-09-22T16:11:23.286833+00:00,outer_001_feature_054,brainstem_signal,False,outside_top_64,42,outside_top_64,55,49,0,0,0,3
2026-09-22T16:11:23.286833+00:00,outer_001_feature_056,calorie_intake,False,outside_top_64,outside_top_64,outside_top_64,outside_top_64,outside_top_64,0,0,0,0
2026-09-22T16:11:23.286833+00:00,outer_001_feature_058,cancer_diagnosis,False,outside_top_64,outside_top_64,outside_top_64,outside_top_64,outside_top_64,0,0,0,0
2026-09-22T16:11:23.286833+00:00,outer_001_feature_059,cancer_location,False,outside_top_64,outside_top_64,outside_top_64,outside_top_64,outside_top_64,0,0,0,0
2026-09-22T16:11:23.286833+00:00,outer_001_feature_061,carboplatin_administered,False,outside_top_64,outside_top_64,outside_top_64,outside_top_64,outside_top_64,0,0,0,0
2026-09-22T16:11:23.286833+00:00,outer_001_feature_062,cataracts,False,outside_top_64,outside_top_64,outside_top_64,outside_top_64,outside_top_64,0,0,0,0
2026-09-22T16:11:23.286833+00:00,outer_001_feature_063,cavernous_sinus_enhancement,True,outside_top_64,outside_top_64,outside_top_64,outside_top_64,outside_top_64,0,0,0,0
2026-09-22T16:11:23.286833+00:00,outer_001_feature_066,cefepime_use,False,outside_top_64,outside_top_64,outside_top_64,outside_top_64,outside_top_64,0,0,0,0
2026-09-22T16:11:23.286833+00:00,outer_001_feature_067,cerebellar_hemisphere_signal,True,outside_top_64,outside_top_64,outside_top_64,outside_top_64,outside_top_64,0,0,0,0
2026-09-22T16:11:23.286833+00:00,outer_001_feature_068,cerebellar_hemisphere_size,False,outside_top_64,outside_top_64,outside_top_64,outside_top_64,outside_top_64,0,0,0,0
2026-09-22T16:11:23.286833+00:00,outer_001_feature_069,cerebellar_white_matter_lesion_presence,False,outside_top_64,outside_top_64,outside_top_64,outside_top_64,outside_top_64,0,0,0,0
2026-09-22T16:11:23.286833+00:00,outer_001_feature_070,cerebral_gray_matter_signal_intensity,False,outside_top_64,outside_top_64,outside_top_64,outside_top_64,outside_top_64,0,0,0,0
2026-09-22T16:11:23.286833+00:00,outer_001_feature_071,cerebral_white_matter_signal_intensity,False,outside_top_64,outside_top_64,57,outside_top_64,outside_top_64,0,0,0,1
2026-09-22T16:11:23.286833+00:00,outer_001_feature_072,chemotherapy_cycle_count,True,outside_top_64,outside_top_64,38,outside_top_64,outside_top_64,0,0,0,1
2026-09-22T16:11:23.286833+00:00,outer_001_feature_073,chemotherapy_regimen,True,outside_top_64,outside_top_64,outside_top_64,outside_top_64,outside_top_64,0,0,0,0
2026-09-22T16:11:23.286833+00:00,outer_001_feature_074,cholecystectomy_history,True,outside_top_64,outside_top_64,outside_top_64,outside_top_64,outside_top_64,0,0,0,0
2026-09-22T16:11:23.286833+00:00,outer_001_feature_075,chronic_kidney_disease_stage,True,outside_top_64,outside_top_64,outside_top_64,outside_top_64,outside_top_64,0,0,0,0
2026-09-22T16:11:23.286833+00:00,outer_001_feature_077,ck7_expression,False,outside_top_64,50,outside_top_64,outside_top_64,outside_top_64,0,0,0,1
2026-09-22T16:11:23.286833+00:00,outer_001_feature_078,clinical_decline,False,outside_top_64,outside_top_64,outside_top_64,outside_top_64,outside_top_64,0,0,0,0
2026-09-22T16:11:23.286833+00:00,outer_001_feature_079,clinical_phenotype,True,outside_top_64,outside_top_64,outside_top_64,outside_top_64,outside_top_64,0,0,0,0
2026-09-22T16:11:23.286833+00:00,outer_001_feature_080,clinical_severity_score,False,58,outside_top_64,outside_top_64,outside_top_64,outside_top_64,0,0,0,1
2026-09-22T16:11:23.286833+00:00,outer_001_feature_083,complete_blood_count_result,False,outside_top_64,outside_top_64,outside_top_64,outside_top_64,outside_top_64,0,0,0,0
2026-09-22T16:11:23.286833+00:00,outer_001_feature_084,comprehensive_metabolic_panel_result,False,outside_top_64,outside_top_64,outside_top_64,outside_top_64,outside_top_64,0,0,0,0
2026-09-22T16:11:23.286833+00:00,outer_001_feature_086,contrast_agent_concentration,False,outside_top_64,outside_top_64,outside_top_64,outside_top_64,outside_top_64,0,0,0,0
2026-09-22T16:11:23.286833+00:00,outer_001_feature_087,copd_presence,True,outside_top_64,53,outside_top_64,outside_top_64,outside_top_64,0,0,0,1
2026-09-22T16:11:23.286833+00:00,outer_001_feature_088,copd_severity,True,outside_top_64,outside_top_64,outside_top_64,outside_top_64,outside_top_64,0,0,0,0
2026-09-22T16:11:23.286833+00:00,outer_001_feature_089,coronary_artery_disease,False,outside_top_64,outside_top_64,outside_top_64,outside_top_64,outside_top_64,0,0,0,0
2026-09-22T16:11:23.286833+00:00,outer_001_feature_090,cough_presence,False,outside_top_64,outside_top_64,outside_top_64,40,outside_top_64,0,0,0,1
2026-09-22T16:11:23.286833+00:00,outer_001_feature_091,cough_productivity,True,outside_top_64,outside_top_64,outside_top_64,outside_top_64,outside_top_64,0,0,0,0
2026-09-22T16:11:23.286833+00:00,outer_001_feature_092,cough_severity,True,outside_top_64,outside_top_64,outside_top_64,outside_top_64,56,0,0,0,1
2026-09-22T16:11:23.286833+00:00,outer_001_feature_093,covid19_infection_status,False,outside_top_64,outside_top_64,outside_top_64,outside_top_64,outside_top_64,0,0,0,0
2026-09-22T16:11:23.286833+00:00,outer_001_feature_094,cranial_nerve_ii_vi_status,False,outside_top_64,outside_top_64,outside_top_64,outside_top_64,outside_top_64,0,0,0,0
2026-09-22T16:11:23.286833+00:00,outer_001_feature_097,crp_level,True,outside_top_64,outside_top_64,outside_top_64,outside_top_64,outside_top_64,0,0,0,0
2026-09-22T16:11:23.286833+00:00,outer_001_feature_098,current_medications,False,outside_top_64,outside_top_64,outside_top_64,outside_top_64,outside_top_64,0,0,0,0
2026-09-22T16:11:23.286833+00:00,outer_001_feature_100,diastolic_blood_pressure,True,outside_top_64,outside_top_64,outside_top_64,outside_top_64,outside_top_64,0,0,0,0
2026-09-22T16:11:23.286833+00:00,outer_001_feature_101,disease_recurrence,False,outside_top_64,outside_top_64,outside_top_64,63,62,0,0,0,2
2026-09-22T16:11:23.286833+00:00,outer_001_feature_102,disease_status,False,outside_top_64,outside_top_64,outside_top_64,outside_top_64,outside_top_64,0,0,0,0
2026-09-22T16:11:23.286833+00:00,outer_001_feature_104,dural_sinus_patency,False,outside_top_64,outside_top_64,outside_top_64,outside_top_64,outside_top_64,0,0,0,0
2026-09-22T16:11:23.286833+00:00,outer_001_feature_105,dysplasia_status,False,outside_top_64,outside_top_64,outside_top_64,outside_top_64,outside_top_64,0,0,0,0
2026-09-22T16:11:23.286833+00:00,outer_001_feature_106,dyspnea,True,outside_top_64,52,outside_top_64,outside_top_64,outside_top_64,0,0,0,1
2026-09-22T16:11:23.286833+00:00,outer_001_feature_107,dyspnea_on_exertion,True,outside_top_64,outside_top_64,outside_top_64,outside_top_64,outside_top_64,0,0,0,0
2026-09-22T16:11:23.286833+00:00,outer_001_feature_110,edema_presence,False,outside_top_64,outside_top_64,outside_top_64,outside_top_64,outside_top_64,0,0,0,0
2026-09-22T16:11:23.286833+00:00,outer_001_feature_111,egfr_mutation_status,False,outside_top_64,outside_top_64,outside_top_64,outside_top_64,outside_top_64,0,0,0,0
2026-09-22T16:11:23.286833+00:00,outer_001_feature_112,embolism_presence,False,outside_top_64,outside_top_64,outside_top_64,outside_top_64,outside_top_64,0,0,0,0
2026-09-22T16:11:23.286833+00:00,outer_001_feature_115,enzyme_elevation,False,outside_top_64,outside_top_64,outside_top_64,outside_top_64,outside_top_64,0,0,0,0
2026-09-22T16:11:23.286833+00:00,outer_001_feature_116,eortc_qlq_c30_cognitive_function,True,outside_top_64,outside_top_64,47,outside_top_64,outside_top_64,0,0,0,1
2026-09-22T16:11:23.286833+00:00,outer_001_feature_118,eortc_qlq_c30_global_health,True,outside_top_64,44,59,outside_top_64,outside_top_64,0,0,0,2
2026-09-22T16:11:23.286833+00:00,outer_001_feature_119,eortc_qlq_c30_nausea,False,outside_top_64,outside_top_64,51,outside_top_64,outside_top_64,0,0,0,1
2026-09-22T16:11:23.286833+00:00,outer_001_feature_120,eortc_qlq_c30_physical_function,True,outside_top_64,40,outside_top_64,outside_top_64,outside_top_64,0,0,0,1
2026-09-22T16:11:23.286833+00:00,outer_001_feature_123,erythema_presence,False,outside_top_64,outside_top_64,outside_top_64,61,outside_top_64,0,0,0,1
2026-09-22T16:11:23.286833+00:00,outer_001_feature_126,exercise_duration,False,outside_top_64,outside_top_64,outside_top_64,outside_top_64,outside_top_64,0,0,0,0
2026-09-22T16:11:23.286833+00:00,outer_001_feature_128,extra_ocular_muscle_appearance,False,outside_top_64,outside_top_64,outside_top_64,outside_top_64,outside_top_64,0,0,0,0
2026-09-22T16:11:23.286833+00:00,outer_001_feature_129,extremity_exam_findings,False,outside_top_64,outside_top_64,45,outside_top_64,outside_top_64,0,0,0,1
2026-09-22T16:11:23.286833+00:00,outer_001_feature_130,family_history_of_breast_cancer,False,outside_top_64,outside_top_64,outside_top_64,45,outside_top_64,0,0,0,1
2026-09-22T16:11:23.286833+00:00,outer_001_feature_131,family_history_of_colon_cancer,True,outside_top_64,outside_top_64,outside_top_64,outside_top_64,outside_top_64,0,0,0,0
2026-09-22T16:11:23.286833+00:00,outer_001_feature_132,family_history_of_lung_cancer,True,outside_top_64,outside_top_64,outside_top_64,outside_top_64,outside_top_64,0,0,0,0
2026-09-22T16:11:23.286833+00:00,outer_001_feature_133,family_history_of_myocardial_infarction,True,outside_top_64,outside_top_64,outside_top_64,outside_top_64,outside_top_64,0,0,0,0
2026-09-22T16:11:23.286833+00:00,outer_001_feature_135,febrile_neutropenia_presence,True,outside_top_64,outside_top_64,outside_top_64,outside_top_64,outside_top_64,0,0,0,0
2026-09-22T16:11:23.286833+00:00,outer_001_feature_136,fgfr1_amplification_status,True,outside_top_64,outside_top_64,outside_top_64,outside_top_64,outside_top_64,0,0,0,0
2026-09-22T16:11:23.286833+00:00,outer_001_feature_137,focal_intra_axial_lesion,True,outside_top_64,outside_top_64,44,outside_top_64,64,0,0,0,2
2026-09-22T16:11:23.286833+00:00,outer_001_feature_138,gadolinium_contrast_use,True,outside_top_64,outside_top_64,outside_top_64,outside_top_64,outside_top_64,0,0,0,0
2026-09-22T16:11:23.286833+00:00,outer_001_feature_139,gemcitabine_tolerance,False,outside_top_64,outside_top_64,outside_top_64,outside_top_64,outside_top_64,0,0,0,0
2026-09-22T16:11:23.286833+00:00,outer_001_feature_140,gender_identity,True,outside_top_64,outside_top_64,outside_top_64,outside_top_64,outside_top_64,0,0,0,0
2026-09-22T16:11:23.286833+00:00,outer_001_feature_141,gene_amplification_status,True,56,outside_top_64,outside_top_64,outside_top_64,outside_top_64,0,0,0,1
2026-09-22T16:11:23.286833+00:00,outer_001_feature_144,gerd_presence,True,outside_top_64,outside_top_64,outside_top_64,outside_top_64,outside_top_64,0,0,0,0
2026-09-22T16:11:23.286833+00:00,outer_001_feature_145,globe_appearance,True,outside_top_64,outside_top_64,33,outside_top_64,outside_top_64,0,0,0,1
2026-09-22T16:11:23.286833+00:00,outer_001_feature_147,growth_factor_support_use,True,42,outside_top_64,outside_top_64,outside_top_64,outside_top_64,0,0,0,1
2026-09-22T16:11:23.286833+00:00,outer_001_feature_148,head_shape_and_trauma_status,False,outside_top_64,outside_top_64,outside_top_64,outside_top_64,outside_top_64,0,0,0,0
2026-09-22T16:11:23.286833+00:00,outer_001_feature_149,headache_presence,True,outside_top_64,outside_top_64,outside_top_64,outside_top_64,outside_top_64,0,0,0,0
2026-09-22T16:11:23.286833+00:00,outer_001_feature_150,heart_rate,True,60,outside_top_64,outside_top_64,outside_top_64,outside_top_64,0,0,0,1
2026-09-22T16:11:23.286833+00:00,outer_001_feature_151,heent_exam_status,False,outside_top_64,outside_top_64,outside_top_64,outside_top_64,outside_top_64,0,0,0,0
2026-09-22T16:11:23.286833+00:00,outer_001_feature_152,height,True,outside_top_64,outside_top_64,outside_top_64,outside_top_64,outside_top_64,0,0,0,0
2026-09-22T16:11:23.286833+00:00,outer_001_feature_153,hematocrit,True,outside_top_64,56,outside_top_64,outside_top_64,54,0,0,0,2
2026-09-22T16:11:23.286833+00:00,outer_001_feature_154,hematuria,False,outside_top_64,outside_top_64,outside_top_64,outside_top_64,outside_top_64,0,0,0,0
2026-09-22T16:11:23.286833+00:00,outer_001_feature_155,hemoglobin_level,True,outside_top_64,outside_top_64,outside_top_64,outside_top_64,outside_top_64,0,0,0,0
2026-09-22T16:11:23.286833+00:00,outer_001_feature_156,hemoptysis_presence,False,outside_top_64,outside_top_64,outside_top_64,outside_top_64,outside_top_64,0,0,0,0
2026-09-22T16:11:23.286833+00:00,outer_001_feature_157,hernia_repair_history,False,outside_top_64,outside_top_64,outside_top_64,outside_top_64,outside_top_64,0,0,0,0
2026-09-22T16:11:23.286833+00:00,outer_001_feature_158,hilar_lymphadenopathy_presence,True,outside_top_64,outside_top_64,outside_top_64,56,outside_top_64,0,0,0,1
2026-09-22T16:11:23.286833+00:00,outer_001_feature_159,hyperlipidemia_status,True,outside_top_64,outside_top_64,outside_top_64,outside_top_64,outside_top_64,0,0,0,0
2026-09-22T16:11:23.286833+00:00,outer_001_feature_160,hypertension_status,True,outside_top_64,outside_top_64,outside_top_64,outside_top_64,outside_top_64,0,0,0,0
2026-09-22T16:11:23.286833+00:00,outer_001_feature_161,hypothyroidism_presence,False,outside_top_64,outside_top_64,outside_top_64,outside_top_64,outside_top_64,0,0,0,0
2026-09-22T16:11:23.286833+00:00,outer_001_feature_162,illicit_drug_use,True,outside_top_64,outside_top_64,outside_top_64,outside_top_64,outside_top_64,0,0,0,0
2026-09-22T16:11:23.286833+00:00,outer_001_feature_163,imaging_ct_scan_performed,False,outside_top_64,outside_top_64,outside_top_64,outside_top_64,outside_top_64,0,0,0,0
2026-09-22T16:11:23.286833+00:00,outer_001_feature_164,imaging_finding_cerebellar_fdg_uptake,True,outside_top_64,outside_top_64,outside_top_64,52,outside_top_64,0,0,0,1
2026-09-22T16:11:23.286833+00:00,outer_001_feature_167,imaging_mri_performed,True,outside_top_64,outside_top_64,outside_top_64,outside_top_64,outside_top_64,0,0,0,0
2026-09-22T16:11:23.286833+00:00,outer_001_feature_169,immunotherapy_type,True,outside_top_64,outside_top_64,outside_top_64,outside_top_64,outside_top_64,0,0,0,0
2026-09-22T16:11:23.286833+00:00,outer_001_feature_170,inhaler_usage_dosage,True,outside_top_64,outside_top_64,outside_top_64,outside_top_64,outside_top_64,0,0,0,0
2026-09-22T16:11:23.286833+00:00,outer_001_feature_171,intra_orbital_enhancement,False,outside_top_64,outside_top_64,outside_top_64,outside_top_64,outside_top_64,0,0,0,0
2026-09-22T16:11:23.286833+00:00,outer_001_feature_172,intra_orbital_mass,False,outside_top_64,outside_top_64,outside_top_64,outside_top_64,outside_top_64,0,0,0,0
2026-09-22T16:11:23.286833+00:00,outer_001_feature_173,intracranial_hemorrhage,False,outside_top_64,outside_top_64,outside_top_64,57,outside_top_64,0,0,0,1
2026-09-22T16:11:23.286833+00:00,outer_001_feature_174,jugular_venous_distention_presence,True,outside_top_64,outside_top_64,outside_top_64,outside_top_64,outside_top_64,0,0,0,0
2026-09-22T16:11:23.286833+00:00,outer_001_feature_175,keap1_status,False,outside_top_64,outside_top_64,outside_top_64,outside_top_64,outside_top_64,0,0,0,0
2026-09-22T16:11:23.286833+00:00,outer_001_feature_178,known_drug_allergies,False,outside_top_64,outside_top_64,outside_top_64,outside_top_64,outside_top_64,0,0,0,0
2026-09-22T16:11:23.286833+00:00,outer_001_feature_180,ldh_level,False,outside_top_64,outside_top_64,outside_top_64,outside_top_64,outside_top_64,0,0,0,0
2026-09-22T16:11:23.286833+00:00,outer_001_feature_181,leptomeningeal_enhancement_presence,False,outside_top_64,outside_top_64,outside_top_64,outside_top_64,outside_top_64,0,0,0,0
2026-09-22T16:11:23.286833+00:00,outer_001_feature_182,lesion_presence,False,outside_top_64,outside_top_64,outside_top_64,outside_top_64,outside_top_64,0,0,0,0
2026-09-22T16:11:23.286833+00:00,outer_001_feature_184,line_of_therapy,True,outside_top_64,outside_top_64,outside_top_64,outside_top_64,outside_top_64,0,0,0,0
2026-09-22T16:11:23.286833+00:00,outer_001_feature_186,lisinopril_dose,True,outside_top_64,outside_top_64,outside_top_64,outside_top_64,outside_top_64,0,0,0,0
2026-09-22T16:11:23.286833+00:00,outer_001_feature_187,liver_function,False,outside_top_64,outside_top_64,outside_top_64,outside_top_64,outside_top_64,0,0,0,0
2026-09-22T16:11:23.286833+00:00,outer_001_feature_189,living_situation,True,outside_top_64,outside_top_64,outside_top_64,outside_top_64,outside_top_64,0,0,0,0
2026-09-22T16:11:23.286833+00:00,outer_001_feature_190,lobectomy_type,False,40,outside_top_64,outside_top_64,outside_top_64,outside_top_64,0,0,0,1
2026-09-22T16:11:23.286833+00:00,outer_001_feature_191,lung_auscultation_findings,True,outside_top_64,outside_top_64,outside_top_64,outside_top_64,outside_top_64,0,0,0,0
2026-09-22T16:11:23.286833+00:00,outer_001_feature_192,lung_cancer_histology,False,outside_top_64,33,outside_top_64,outside_top_64,34,0,0,0,2
2026-09-22T16:11:23.286833+00:00,outer_001_feature_193,lung_cancer_stage,False,outside_top_64,outside_top_64,outside_top_64,outside_top_64,outside_top_64,0,0,0,0
2026-09-22T16:11:23.286833+00:00,outer_001_feature_194,lung_disease_diagnosis,True,59,39,outside_top_64,outside_top_64,outside_top_64,0,0,0,2
2026-09-22T16:11:23.286833+00:00,outer_001_feature_195,lung_mass_morphology,False,outside_top_64,outside_top_64,outside_top_64,outside_top_64,outside_top_64,0,0,0,0
2026-09-22T16:11:23.286833+00:00,outer_001_feature_196,lung_mass_suvmax,False,63,63,outside_top_64,outside_top_64,outside_top_64,0,0,0,2
2026-09-22T16:11:23.286833+00:00,outer_001_feature_197,lymph_node_dissection_status,False,outside_top_64,outside_top_64,outside_top_64,outside_top_64,33,0,0,0,1
2026-09-22T16:11:23.286833+00:00,outer_001_feature_198,lymph_node_metastasis_count,False,outside_top_64,outside_top_64,outside_top_64,outside_top_64,outside_top_64,0,0,0,0
2026-09-22T16:11:23.286833+00:00,outer_001_feature_199,lymphadenopathy_status,False,outside_top_64,outside_top_64,outside_top_64,outside_top_64,outside_top_64,0,0,0,0
2026-09-22T16:11:23.286833+00:00,outer_001_feature_200,m_stage,False,outside_top_64,outside_top_64,outside_top_64,outside_top_64,outside_top_64,0,0,0,0
2026-09-22T16:11:23.286833+00:00,outer_001_feature_202,mediastinal_lymph_node_status,False,outside_top_64,outside_top_64,outside_top_64,outside_top_64,outside_top_64,0,0,0,0
2026-09-22T16:11:23.286833+00:00,outer_001_feature_203,medication_calcium_carbonate,True,outside_top_64,51,outside_top_64,outside_top_64,outside_top_64,0,0,0,1
2026-09-22T16:11:23.286833+00:00,outer_001_feature_206,medication_dexamethasone,True,outside_top_64,outside_top_64,outside_top_64,outside_top_64,outside_top_64,0,0,0,0
2026-09-22T16:11:23.286833+00:00,outer_001_feature_207,medication_g12c_inhibitor,False,outside_top_64,outside_top_64,outside_top_64,outside_top_64,outside_top_64,0,0,0,0
2026-09-22T16:11:23.286833+00:00,outer_001_feature_208,medication_gemcitabine,True,outside_top_64,outside_top_64,outside_top_64,outside_top_64,outside_top_64,0,0,0,0
2026-09-22T16:11:23.286833+00:00,outer_001_feature_209,medication_lisinopril,True,outside_top_64,outside_top_64,outside_top_64,outside_top_64,outside_top_64,0,0,0,0
2026-09-22T16:11:23.286833+00:00,outer_001_feature_210,medication_met_inhibitor,False,outside_top_64,outside_top_64,outside_top_64,outside_top_64,outside_top_64,0,0,0,0
2026-09-22T16:11:23.286833+00:00,outer_001_feature_211,medication_oxycodone,True,outside_top_64,outside_top_64,outside_top_64,outside_top_64,outside_top_64,0,0,0,0
2026-09-22T16:11:23.286833+00:00,outer_001_feature_213,meningeal_thickening,True,outside_top_64,outside_top_64,outside_top_64,outside_top_64,outside_top_64,0,0,0,0
2026-09-22T16:11:23.286833+00:00,outer_001_feature_217,morphine_administered,True,outside_top_64,outside_top_64,outside_top_64,outside_top_64,outside_top_64,0,0,0,0
2026-09-22T16:11:23.286833+00:00,outer_001_feature_218,mri_flair_hyperintensity_presence,True,outside_top_64,outside_top_64,outside_top_64,outside_top_64,outside_top_64,0,0,0,0
2026-09-22T16:11:23.286833+00:00,outer_001_feature_219,msi_status,False,outside_top_64,outside_top_64,outside_top_64,outside_top_64,outside_top_64,0,0,0,0
2026-09-22T16:11:23.286833+00:00,outer_001_feature_220,mucositis_presence,False,outside_top_64,outside_top_64,outside_top_64,outside_top_64,outside_top_64,0,0,0,0
2026-09-22T16:11:23.286833+00:00,outer_001_feature_221,myelosuppression,True,61,outside_top_64,outside_top_64,outside_top_64,outside_top_64,0,0,0,1
2026-09-22T16:11:23.286833+00:00,outer_001_feature_222,myocardial_infarction_presence,True,outside_top_64,outside_top_64,outside_top_64,outside_top_64,outside_top_64,0,0,0,0
2026-09-22T16:11:23.286833+00:00,outer_001_feature_223,n_stage,True,outside_top_64,outside_top_64,outside_top_64,outside_top_64,outside_top_64,0,0,0,0
2026-09-22T16:11:23.286833+00:00,outer_001_feature_225,nausea_severity,True,outside_top_64,outside_top_64,outside_top_64,outside_top_64,outside_top_64,0,0,0,0
2026-09-22T16:11:23.286833+00:00,outer_001_feature_227,neurological_symptoms_presence,True,outside_top_64,outside_top_64,outside_top_64,outside_top_64,outside_top_64,0,0,0,0
2026-09-22T16:11:23.286833+00:00,outer_001_feature_229,night_sweats,True,outside_top_64,outside_top_64,outside_top_64,outside_top_64,outside_top_64,0,0,0,0
2026-09-22T16:11:23.286833+00:00,outer_001_feature_230,nsclc_diagnosis,False,outside_top_64,outside_top_64,outside_top_64,outside_top_64,outside_top_64,0,0,0,0
2026-09-22T16:11:23.286833+00:00,outer_001_feature_231,nyha_class,True,outside_top_64,34,outside_top_64,outside_top_64,48,0,0,0,2
2026-09-22T16:11:23.286833+00:00,outer_001_feature_233,oncology_management_status,False,outside_top_64,outside_top_64,outside_top_64,outside_top_64,outside_top_64,0,0,0,0
2026-09-22T16:11:23.286833+00:00,outer_001_feature_234,ondansetron_use,True,outside_top_64,outside_top_64,outside_top_64,outside_top_64,outside_top_64,0,0,0,0
2026-09-22T16:11:23.286833+00:00,outer_001_feature_235,optic_chiasm_enhancement,True,outside_top_64,outside_top_64,54,outside_top_64,outside_top_64,0,0,0,1
2026-09-22T16:11:23.286833+00:00,outer_001_feature_236,optic_nerve_enhancement,False,outside_top_64,outside_top_64,outside_top_64,outside_top_64,outside_top_64,0,0,0,0
2026-09-22T16:11:23.286833+00:00,outer_001_feature_237,orbital_fat_appearance,False,outside_top_64,outside_top_64,outside_top_64,outside_top_64,outside_top_64,0,0,0,0
2026-09-22T16:11:23.286833+00:00,outer_001_feature_238,organomegaly_presence,True,57,45,outside_top_64,outside_top_64,53,0,0,0,3
2026-09-22T16:11:23.286833+00:00,outer_001_feature_239,osteoarthritis_presence,True,outside_top_64,outside_top_64,outside_top_64,64,outside_top_64,0,0,0,1
2026-09-22T16:11:23.286833+00:00,outer_001_feature_240,osteopenia,True,outside_top_64,outside_top_64,outside_top_64,outside_top_64,outside_top_64,0,0,0,0
2026-09-22T16:11:23.286833+00:00,outer_001_feature_241,oxygen_saturation,True,55,outside_top_64,outside_top_64,outside_top_64,outside_top_64,0,0,0,1
2026-09-22T16:11:23.286833+00:00,outer_001_feature_242,oxygen_therapy_use,True,outside_top_64,outside_top_64,outside_top_64,outside_top_64,outside_top_64,0,0,0,0
2026-09-22T16:11:23.286833+00:00,outer_001_feature_244,paclitaxel_dose,False,outside_top_64,outside_top_64,outside_top_64,outside_top_64,outside_top_64,0,0,0,0
2026-09-22T16:11:23.286833+00:00,outer_001_feature_245,pain_severity,False,outside_top_64,outside_top_64,outside_top_64,outside_top_64,outside_top_64,0,0,0,0
2026-09-22T16:11:23.286833+00:00,outer_001_feature_247,patient_wishes,False,outside_top_64,outside_top_64,outside_top_64,outside_top_64,outside_top_64,0,0,0,0
2026-09-22T16:11:23.286833+00:00,outer_001_feature_248,pd_l1_tps,False,outside_top_64,outside_top_64,outside_top_64,outside_top_64,outside_top_64,0,0,0,0
2026-09-22T16:11:23.286833+00:00,outer_001_feature_249,pembrolizumab_dose,False,outside_top_64,outside_top_64,outside_top_64,58,outside_top_64,0,0,0,1
2026-09-22T16:11:23.286833+00:00,outer_001_feature_251,peritumoral_edema,True,33,outside_top_64,outside_top_64,outside_top_64,outside_top_64,0,0,0,1
2026-09-22T16:11:23.286833+00:00,outer_001_feature_253,phospho_met_status,False,outside_top_64,outside_top_64,outside_top_64,outside_top_64,outside_top_64,0,0,0,0
2026-09-22T16:11:23.286833+00:00,outer_001_feature_255,pituitary_gland_enhancement,False,outside_top_64,outside_top_64,outside_top_64,outside_top_64,outside_top_64,0,0,0,0
2026-09-22T16:11:23.286833+00:00,outer_001_feature_256,pituitary_gland_signal,False,outside_top_64,outside_top_64,outside_top_64,outside_top_64,outside_top_64,0,0,0,0
2026-09-22T16:11:23.286833+00:00,outer_001_feature_257,pituitary_gland_size,False,outside_top_64,outside_top_64,outside_top_64,outside_top_64,outside_top_64,0,0,0,0
2026-09-22T16:11:23.286833+00:00,outer_001_feature_258,platelet_count,True,outside_top_64,outside_top_64,outside_top_64,outside_top_64,outside_top_64,0,0,0,0
2026-09-22T16:11:23.286833+00:00,outer_001_feature_261,posterior_fossa_enhancement,True,outside_top_64,outside_top_64,outside_top_64,outside_top_64,outside_top_64,0,0,0,0
2026-09-22T16:11:23.286833+00:00,outer_001_feature_262,posterior_fossa_mass_effect,True,outside_top_64,outside_top_64,outside_top_64,outside_top_64,outside_top_64,0,0,0,0
2026-09-22T16:11:23.286833+00:00,outer_001_feature_263,previous_radiation_therapy,True,34,outside_top_64,outside_top_64,outside_top_64,outside_top_64,0,0,0,1
2026-09-22T16:11:23.286833+00:00,outer_001_feature_265,primary_tumor_morphology,True,outside_top_64,outside_top_64,outside_top_64,outside_top_64,outside_top_64,0,0,0,0
2026-09-22T16:11:23.286833+00:00,outer_001_feature_266,primary_tumor_size,True,outside_top_64,60,outside_top_64,outside_top_64,outside_top_64,0,0,0,1
2026-09-22T16:11:23.286833+00:00,outer_001_feature_268,prior_treatment_regimen,True,outside_top_64,outside_top_64,37,outside_top_64,outside_top_64,0,0,0,1
2026-09-22T16:11:23.286833+00:00,outer_001_feature_269,pro_ctcae_pain_severity,True,outside_top_64,outside_top_64,outside_top_64,outside_top_64,outside_top_64,0,0,0,0
2026-09-22T16:11:23.286833+00:00,outer_001_feature_270,progressive_exertional_symptoms,True,outside_top_64,outside_top_64,outside_top_64,outside_top_64,outside_top_64,0,0,0,0
2026-09-22T16:11:23.286833+00:00,outer_001_feature_271,proton_pump_inhibitor_use,True,outside_top_64,outside_top_64,outside_top_64,outside_top_64,outside_top_64,0,0,0,0
2026-09-22T16:11:23.286833+00:00,outer_001_feature_273,pulmonary_condition,True,outside_top_64,outside_top_64,outside_top_64,outside_top_64,outside_top_64,0,0,0,0
2026-09-22T16:11:23.286833+00:00,outer_001_feature_274,pulmonary_function_test_status,False,outside_top_64,outside_top_64,outside_top_64,outside_top_64,outside_top_64,0,0,0,0
2026-09-22T16:11:23.286833+00:00,outer_001_feature_277,pupil_reactivity,True,outside_top_64,outside_top_64,outside_top_64,outside_top_64,outside_top_64,0,0,0,0
2026-09-22T16:11:23.286833+00:00,outer_001_feature_278,qlq_c30_physical_function,True,outside_top_64,outside_top_64,outside_top_64,outside_top_64,50,0,0,0,1
2026-09-22T16:11:23.286833+00:00,outer_001_feature_280,radiation_therapy_history,False,outside_top_64,35,outside_top_64,outside_top_64,outside_top_64,0,0,0,1
2026-09-22T16:11:23.286833+00:00,outer_001_feature_282,radiosurgery_history,True,outside_top_64,outside_top_64,outside_top_64,outside_top_64,outside_top_64,0,0,0,0
2026-09-22T16:11:23.286833+00:00,outer_001_feature_283,range_of_motion_touch_toes,False,outside_top_64,outside_top_64,outside_top_64,outside_top_64,outside_top_64,0,0,0,0
2026-09-22T16:11:23.286833+00:00,outer_001_feature_284,rash_presence,False,outside_top_64,outside_top_64,outside_top_64,outside_top_64,outside_top_64,0,0,0,0
2026-09-22T16:11:23.286833+00:00,outer_001_feature_285,rash_pruritus_presence,False,outside_top_64,outside_top_64,outside_top_64,outside_top_64,outside_top_64,0,0,0,0
2026-09-22T16:11:23.286833+00:00,outer_001_feature_286,renal_function_status,False,outside_top_64,outside_top_64,outside_top_64,outside_top_64,outside_top_64,0,0,0,0
2026-09-22T16:11:23.286833+00:00,outer_001_feature_287,respiratory_rate,True,outside_top_64,outside_top_64,outside_top_64,outside_top_64,outside_top_64,0,0,0,0
2026-09-22T16:11:23.286833+00:00,outer_001_feature_288,restricted_diffusion_on_dwi_adc,True,outside_top_64,outside_top_64,outside_top_64,outside_top_64,outside_top_64,0,0,0,0
2026-09-22T16:11:23.286833+00:00,outer_001_feature_289,ret_rearrangement_status,False,outside_top_64,outside_top_64,outside_top_64,outside_top_64,outside_top_64,0,0,0,0
2026-09-22T16:11:23.286833+00:00,outer_001_feature_290,retroperitoneal_lymphadenopathy_presence,True,outside_top_64,outside_top_64,outside_top_64,outside_top_64,outside_top_64,0,0,0,0
2026-09-22T16:11:23.286833+00:00,outer_001_feature_291,ros1_mutation_status,False,outside_top_64,outside_top_64,outside_top_64,outside_top_64,outside_top_64,0,0,0,0
2026-09-22T16:11:23.286833+00:00,outer_001_feature_292,ros1_rearrangement_status,False,outside_top_64,outside_top_64,outside_top_64,outside_top_64,outside_top_64,0,0,0,0
2026-09-22T16:11:23.286833+00:00,outer_001_feature_293,rsv_infection_status,False,outside_top_64,outside_top_64,outside_top_64,outside_top_64,outside_top_64,0,0,0,0
2026-09-22T16:11:23.286833+00:00,outer_001_feature_294,scapular_metastasis,True,51,outside_top_64,outside_top_64,outside_top_64,outside_top_64,0,0,0,1
2026-09-22T16:11:23.286833+00:00,outer_001_feature_295,serum_albumin,True,outside_top_64,55,46,outside_top_64,outside_top_64,0,0,0,2
2026-09-22T16:11:23.286833+00:00,outer_001_feature_296,serum_bicarbonate,True,outside_top_64,outside_top_64,outside_top_64,outside_top_64,outside_top_64,0,0,0,0
2026-09-22T16:11:23.286833+00:00,outer_001_feature_298,serum_chloride,True,45,outside_top_64,outside_top_64,outside_top_64,outside_top_64,0,0,0,1
2026-09-22T16:11:23.286833+00:00,outer_001_feature_301,serum_sodium,True,outside_top_64,outside_top_64,outside_top_64,60,outside_top_64,0,0,0,1
2026-09-22T16:11:23.286833+00:00,outer_001_feature_302,sex,True,outside_top_64,outside_top_64,outside_top_64,outside_top_64,outside_top_64,0,0,0,0
2026-09-22T16:11:23.286833+00:00,outer_001_feature_304,skull_base_lytic_sclerotic_lesions,True,outside_top_64,outside_top_64,outside_top_64,outside_top_64,outside_top_64,0,0,0,0
2026-09-22T16:11:23.286833+00:00,outer_001_feature_305,smoking_abstinence_date,False,outside_top_64,outside_top_64,outside_top_64,outside_top_64,outside_top_64,0,0,0,0
2026-09-22T16:11:23.286833+00:00,outer_001_feature_306,smoking_cessation_duration,True,50,outside_top_64,outside_top_64,outside_top_64,outside_top_64,0,0,0,1
2026-09-22T16:11:23.286833+00:00,outer_001_feature_307,smoking_status,True,outside_top_64,outside_top_64,outside_top_64,outside_top_64,outside_top_64,0,0,0,0
2026-09-22T16:11:23.286833+00:00,outer_001_feature_308,stk11_mutation_status,True,outside_top_64,outside_top_64,outside_top_64,outside_top_64,outside_top_64,0,0,0,0
2026-09-22T16:11:23.286833+00:00,outer_001_feature_309,subdural_hemorrhage,True,outside_top_64,outside_top_64,52,38,outside_top_64,0,0,0,2
2026-09-22T16:11:23.286833+00:00,outer_001_feature_310,sulci_and_cisterns_appearance,True,outside_top_64,outside_top_64,outside_top_64,outside_top_64,outside_top_64,0,0,0,0
2026-09-22T16:11:23.286833+00:00,outer_001_feature_314,t_stage,True,outside_top_64,outside_top_64,outside_top_64,outside_top_64,outside_top_64,0,0,0,0
2026-09-22T16:11:23.286833+00:00,outer_001_feature_316,test_ngs_performed,False,outside_top_64,outside_top_64,outside_top_64,outside_top_64,outside_top_64,0,0,0,0
2026-09-22T16:11:23.286833+00:00,outer_001_feature_317,thyromegaly_presence,False,outside_top_64,outside_top_64,outside_top_64,outside_top_64,outside_top_64,0,0,0,0
2026-09-22T16:11:23.286833+00:00,outer_001_feature_318,tiotropium_use,True,outside_top_64,outside_top_64,outside_top_64,outside_top_64,outside_top_64,0,0,0,0
2026-09-22T16:11:23.286833+00:00,outer_001_feature_319,tissue_thickening,True,outside_top_64,outside_top_64,outside_top_64,42,outside_top_64,0,0,0,1
2026-09-22T16:11:23.286833+00:00,outer_001_feature_320,tki_therapy_use,False,outside_top_64,outside_top_64,outside_top_64,outside_top_64,outside_top_64,0,0,0,0
2026-09-22T16:11:23.286833+00:00,outer_001_feature_321,tobacco_smoking_history,True,outside_top_64,outside_top_64,outside_top_64,outside_top_64,outside_top_64,0,0,0,0
2026-09-22T16:11:23.286833+00:00,outer_001_feature_322,total_bilirubin,False,46,54,outside_top_64,outside_top_64,outside_top_64,0,0,0,2
2026-09-22T16:11:23.286833+00:00,outer_001_feature_323,tp53_mutation_status,False,outside_top_64,outside_top_64,outside_top_64,outside_top_64,outside_top_64,0,0,0,0
2026-09-22T16:11:23.286833+00:00,outer_001_feature_325,tps_score,False,outside_top_64,outside_top_64,outside_top_64,outside_top_64,outside_top_64,0,0,0,0
2026-09-22T16:11:23.286833+00:00,outer_001_feature_326,transependymal_flow,False,outside_top_64,outside_top_64,outside_top_64,outside_top_64,outside_top_64,0,0,0,0
2026-09-22T16:11:23.286833+00:00,outer_001_feature_327,treatment_cycle_frequency,False,outside_top_64,outside_top_64,outside_top_64,outside_top_64,outside_top_64,0,0,0,0
2026-09-22T16:11:23.286833+00:00,outer_001_feature_328,treatment_goals,False,outside_top_64,outside_top_64,outside_top_64,outside_top_64,outside_top_64,0,0,0,0
2026-09-22T16:11:23.286833+00:00,outer_001_feature_329,treatment_response,False,outside_top_64,outside_top_64,64,outside_top_64,outside_top_64,0,0,0,1
2026-09-22T16:11:23.286833+00:00,outer_001_feature_331,tumor_cell_presence,False,outside_top_64,outside_top_64,outside_top_64,outside_top_64,outside_top_64,0,0,0,0
2026-09-22T16:11:23.286833+00:00,outer_001_feature_332,tumor_differentiation,False,outside_top_64,outside_top_64,outside_top_64,50,outside_top_64,0,0,0,1
2026-09-22T16:11:23.286833+00:00,outer_001_feature_333,tumor_invasion,False,outside_top_64,outside_top_64,outside_top_64,outside_top_64,outside_top_64,0,0,0,0
2026-09-22T16:11:23.286833+00:00,outer_001_feature_335,ulceration,False,outside_top_64,outside_top_64,outside_top_64,outside_top_64,outside_top_64,0,0,0,0
2026-09-22T16:11:23.286833+00:00,outer_001_feature_337,variant_allele_frequency,True,outside_top_64,outside_top_64,56,outside_top_64,outside_top_64,0,0,0,1
2026-09-22T16:11:23.286833+00:00,outer_001_feature_339,ventricular_edema,False,outside_top_64,outside_top_64,outside_top_64,outside_top_64,outside_top_64,0,0,0,0
2026-09-22T16:11:23.286833+00:00,outer_001_feature_341,ventricular_size,True,36,outside_top_64,outside_top_64,outside_top_64,outside_top_64,0,0,0,1
2026-09-22T16:11:23.286833+00:00,outer_001_feature_343,vinorelbine_administered,True,outside_top_64,outside_top_64,outside_top_64,outside_top_64,outside_top_64,0,0,0,0
2026-09-22T16:11:23.286833+00:00,outer_001_feature_344,visual_field_deficit,False,outside_top_64,outside_top_64,43,outside_top_64,outside_top_64,0,0,0,1
2026-09-22T16:11:23.286833+00:00,outer_001_feature_345,vitamin_deficiency_anemia,True,outside_top_64,outside_top_64,48,outside_top_64,outside_top_64,0,0,0,1
2026-09-22T16:11:23.286833+00:00,outer_001_feature_346,vitamin_supplement_use,True,outside_top_64,outside_top_64,outside_top_64,outside_top_64,outside_top_64,0,0,0,0
2026-09-22T16:11:23.286833+00:00,outer_001_feature_350,who_grade,False,outside_top_64,outside_top_64,outside_top_64,outside_top_64,outside_top_64,0,0,0,0
2026-09-22T16:11:23.286833+00:00,outer_001_feature_351,whole_brain_radiation_therapy,False,outside_top_64,outside_top_64,62,outside_top_64,outside_top_64,0,0,0,1
