feature_id,name,roles,stability,rationale,evidence_ids
outer_001_feature_001,absolute_lymphocyte_count,,consistent,Not retained in the final roles after global consolidation and compact-size selection.,
outer_001_feature_002,absolute_neutrophil_count,,consistent,Not retained in the final roles after global consolidation and compact-size selection.,
outer_001_feature_003,acetaminophen_administered,,consistent,Not retained in the final roles after global consolidation and compact-size selection.,
outer_001_feature_004,actionable_molecular_alterations,,insufficient,Not retained in the final roles after global consolidation and compact-size selection.,
outer_001_feature_005,acute_kidney_injury_history,,mixed,Not retained in the final roles after global consolidation and compact-size selection.,
outer_001_feature_006,adjuvant_chemotherapy_administered,,consistent,Not retained in the final roles after global consolidation and compact-size selection.,
outer_001_feature_007,adrenal_metastasis_presence,,mixed,Not retained in the final roles after global consolidation and compact-size selection.,
outer_001_feature_008,adrenal_nodule_size,,consistent,Not retained in the final roles after global consolidation and compact-size selection.,
outer_001_feature_009,age,confounder,consistent,Universal baseline demographic with absolute consistency across all treatment and outcome models.,multi:outer_001_feature_009:predictive_forest:outcome;multi:outer_001_feature_009:predictive_forest:treatment;multi:outer_001_feature_009:univariable:outcome;multi:outer_001_feature_009:univariable:treatment
outer_001_feature_010,airway_involvement,,mixed,Not retained in the final roles after global consolidation and compact-size selection.,
outer_001_feature_011,albuterol_use,,consistent,Not retained in the final roles after global consolidation and compact-size selection.,
outer_001_feature_012,alcohol_use,,mixed,Not retained in the final roles after global consolidation and compact-size selection.,
outer_001_feature_013,alk_mutation_status,,consistent,Not retained in the final roles after global consolidation and compact-size selection.,
outer_001_feature_014,alk_rearrangement_status,,insufficient,Not retained in the final roles after global consolidation and compact-size selection.,
outer_001_feature_015,alkaline_phosphatase_level,,mixed,Not retained in the final roles after global consolidation and compact-size selection.,
outer_001_feature_016,alt_level,,consistent,Not retained in the final roles after global consolidation and compact-size selection.,
outer_001_feature_017,ambulation_status,,consistent,Modifier rank 17 exceeds the training-selected prefix of 8. Not retained in the final roles after global consolidation and compact-size selection.,
outer_001_feature_018,anemia_type,,consistent,Not retained in the final roles after global consolidation and compact-size selection.,
outer_001_feature_019,anticoagulant_use,,mixed,Not retained in the final roles after global consolidation and compact-size selection.,
outer_001_feature_020,antidiabetic_use,,consistent,Not retained in the final roles after global consolidation and compact-size selection.,
outer_001_feature_021,antihypertensive_use,,consistent,Not retained in the final roles after global consolidation and compact-size selection.,
outer_001_feature_022,anxiety_present,effect_modifier,consistent,"Strong, consistent effect signal in both Causal Forest and Penalized Interactions.",multi:outer_001_feature_022:causal_forest:effect;multi:outer_001_feature_022:penalized_interactions:effect
outer_001_feature_023,appendectomy_history,,consistent,Not retained in the final roles after global consolidation and compact-size selection.,
outer_001_feature_024,appetite_status,,consistent,Not retained in the final roles after global consolidation and compact-size selection.,
outer_001_feature_025,asbestos_exposure_history,,mixed,Not retained in the final roles after global consolidation and compact-size selection.,
outer_001_feature_026,ast_level,,consistent,Not retained in the final roles after global consolidation and compact-size selection.,
outer_001_feature_027,atorvastatin_dose,,consistent,Not retained in the final roles after global consolidation and compact-size selection.,
outer_001_feature_028,atrial_fibrillation_presence,,insufficient,Not retained in the final roles after global consolidation and compact-size selection.,
outer_001_feature_029,audiogram_status,,insufficient,Not retained in the final roles after global consolidation and compact-size selection.,
outer_001_feature_030,axial_structure_abnormality,,consistent,Not retained in the final roles after global consolidation and compact-size selection.,
outer_001_feature_031,azithromycin_use,,insufficient,Not retained in the final roles after global consolidation and compact-size selection.,
outer_001_feature_032,biomarker_egfr_status,,consistent,Modifier rank 13 exceeds the training-selected prefix of 8. Not retained in the final roles after global consolidation and compact-size selection.,
outer_001_feature_033,biomarker_fgfr_status,,consistent,Not retained in the final roles after global consolidation and compact-size selection.,
outer_001_feature_034,biopsy_method,,mixed,Not retained in the final roles after global consolidation and compact-size selection.,
outer_001_feature_035,bisphosphonate_therapy_status,,mixed,Not retained in the final roles after global consolidation and compact-size selection.,
outer_001_feature_036,blood_pressure,,consistent,Not retained in the final roles after global consolidation and compact-size selection.,
outer_001_feature_037,blood_urea_nitrogen,,consistent,Not retained in the final roles after global consolidation and compact-size selection.,
outer_001_feature_038,bmi,,mixed,Not retained in the final roles after global consolidation and compact-size selection.,
outer_001_feature_039,body_temperature,,insufficient,Not retained in the final roles after global consolidation and compact-size selection.,
outer_001_feature_040,body_weight,,consistent,Not retained in the final roles after global consolidation and compact-size selection.,
outer_001_feature_041,bolus_dose_confirmed,,insufficient,Not retained in the final roles after global consolidation and compact-size selection.,
outer_001_feature_042,bone_lesion_characteristics,,mixed,Not retained in the final roles after global consolidation and compact-size selection.,
outer_001_feature_043,bone_metastasis_presence,effect_modifier,consistent,High UR magnitude and consistent CF support; marks skeletal burden.,multi:outer_001_feature_043:causal_forest:effect;multi:outer_001_feature_043:univariable_rlearner:effect
outer_001_feature_044,bone_pain_location,,consistent,Not retained in the final roles after global consolidation and compact-size selection.,
outer_001_feature_045,bone_pain_status,,mixed,Not retained in the final roles after global consolidation and compact-size selection.,
outer_001_feature_046,booster_vaccination_indication,,insufficient,Not retained in the final roles after global consolidation and compact-size selection.,
outer_001_feature_047,braf_mutation_status,,mixed,Not retained in the final roles after global consolidation and compact-size selection.,
outer_001_feature_048,brain_edema_status,,consistent,Not retained in the final roles after global consolidation and compact-size selection.,
outer_001_feature_049,brain_lesion_count,,consistent,Modifier rank 18 exceeds the training-selected prefix of 8. Not retained in the final roles after global consolidation and compact-size selection.,
outer_001_feature_050,brain_lesion_size,,mixed,Modifier rank 19 exceeds the training-selected prefix of 8. Not retained in the final roles after global consolidation and compact-size selection.,
outer_001_feature_051,brain_metastases_location,,mixed,Not retained in the final roles after global consolidation and compact-size selection.,
outer_001_feature_052,brain_metastases_presence,,consistent,Modifier rank 11 exceeds the training-selected prefix of 8. Not retained in the final roles after global consolidation and compact-size selection.,
outer_001_feature_053,brain_structure_enhancement,,consistent,Not retained in the final roles after global consolidation and compact-size selection.,
outer_001_feature_054,brainstem_signal,,consistent,Not retained in the final roles after global consolidation and compact-size selection.,
outer_001_feature_055,brainstem_size,,consistent,Not retained in the final roles after global consolidation and compact-size selection.,
outer_001_feature_056,calorie_intake,,mixed,Not retained in the final roles after global consolidation and compact-size selection.,
outer_001_feature_057,calvarium_lytic_sclerotic_lesions,,consistent,Not retained in the final roles after global consolidation and compact-size selection.,
outer_001_feature_058,cancer_diagnosis,,insufficient,Not retained in the final roles after global consolidation and compact-size selection.,
outer_001_feature_059,cancer_location,,consistent,Not retained in the final roles after global consolidation and compact-size selection.,
outer_001_feature_060,cancer_related_fatigue_severity,effect_modifier,consistent,Strong UR score and consistent CF support; reflects patient-reported fatigue.,multi:outer_001_feature_060:causal_forest:effect;multi:outer_001_feature_060:univariable_rlearner:effect
outer_001_feature_061,carboplatin_administered,,consistent,Not retained in the final roles after global consolidation and compact-size selection.,
outer_001_feature_062,cataracts,,insufficient,Not retained in the final roles after global consolidation and compact-size selection.,
outer_001_feature_063,cavernous_sinus_enhancement,,consistent,Not retained in the final roles after global consolidation and compact-size selection.,
outer_001_feature_064,cdkn2a_mutation_status,,consistent,Not retained in the final roles after global consolidation and compact-size selection.,
outer_001_feature_065,cea_level,,consistent,Not retained in the final roles after global consolidation and compact-size selection.,
outer_001_feature_066,cefepime_use,,insufficient,Not retained in the final roles after global consolidation and compact-size selection.,
outer_001_feature_067,cerebellar_hemisphere_signal,,mixed,Not retained in the final roles after global consolidation and compact-size selection.,
outer_001_feature_068,cerebellar_hemisphere_size,,insufficient,Not retained in the final roles after global consolidation and compact-size selection.,
outer_001_feature_069,cerebellar_white_matter_lesion_presence,,insufficient,Not retained in the final roles after global consolidation and compact-size selection.,
outer_001_feature_070,cerebral_gray_matter_signal_intensity,,mixed,Not retained in the final roles after global consolidation and compact-size selection.,
outer_001_feature_071,cerebral_white_matter_signal_intensity,,mixed,Not retained in the final roles after global consolidation and compact-size selection.,
outer_001_feature_072,chemotherapy_cycle_count,,consistent,Not retained in the final roles after global consolidation and compact-size selection.,
outer_001_feature_073,chemotherapy_regimen,,consistent,Modifier rank 21 exceeds the training-selected prefix of 8. Not retained in the final roles after global consolidation and compact-size selection.,
outer_001_feature_074,cholecystectomy_history,,consistent,Not retained in the final roles after global consolidation and compact-size selection.,
outer_001_feature_075,chronic_kidney_disease_stage,,consistent,Not retained in the final roles after global consolidation and compact-size selection.,
outer_001_feature_076,ck5_6_expression,,consistent,Modifier rank 26 exceeds the training-selected prefix of 8. Not retained in the final roles after global consolidation and compact-size selection.,
outer_001_feature_077,ck7_expression,,mixed,Modifier rank 27 exceeds the training-selected prefix of 8. Not retained in the final roles after global consolidation and compact-size selection.,
outer_001_feature_078,clinical_decline,,consistent,Not retained in the final roles after global consolidation and compact-size selection.,
outer_001_feature_079,clinical_phenotype,,consistent,Not retained in the final roles after global consolidation and compact-size selection.,
outer_001_feature_080,clinical_severity_score,,consistent,Not retained in the final roles after global consolidation and compact-size selection.,
outer_001_feature_081,community_acquired_pneumonia_presence,,consistent,Not retained in the final roles after global consolidation and compact-size selection.,
outer_001_feature_082,comorbidities,confounder,consistent,Aggregate morbidity index; highly consistent evidence across T and Y. Modifier rank 31 exceeds the training-selected prefix of 8.,multi:outer_001_feature_082:predictive_forest:outcome;multi:outer_001_feature_082:predictive_forest:treatment;multi:outer_001_feature_082:univariable:outcome;multi:outer_001_feature_082:univariable:treatment
outer_001_feature_083,complete_blood_count_result,,insufficient,Not retained in the final roles after global consolidation and compact-size selection.,
outer_001_feature_084,comprehensive_metabolic_panel_result,,mixed,Not retained in the final roles after global consolidation and compact-size selection.,
outer_001_feature_085,confusion_present,effect_modifier,consistent,Significant gain in R-learner; strong indicator of acute clinical status.,multi:outer_001_feature_085:univariable_rlearner:effect
outer_001_feature_086,contrast_agent_concentration,,consistent,Not retained in the final roles after global consolidation and compact-size selection.,
outer_001_feature_087,copd_presence,,consistent,Not retained in the final roles after global consolidation and compact-size selection.,
outer_001_feature_088,copd_severity,,consistent,Not retained in the final roles after global consolidation and compact-size selection.,
outer_001_feature_089,coronary_artery_disease,,insufficient,Not retained in the final roles after global consolidation and compact-size selection.,
outer_001_feature_090,cough_presence,,mixed,Not retained in the final roles after global consolidation and compact-size selection.,
outer_001_feature_091,cough_productivity,,mixed,Not retained in the final roles after global consolidation and compact-size selection.,
outer_001_feature_092,cough_severity,,mixed,Not retained in the final roles after global consolidation and compact-size selection.,
outer_001_feature_093,covid19_infection_status,,consistent,Not retained in the final roles after global consolidation and compact-size selection.,
outer_001_feature_094,cranial_nerve_ii_vi_status,,insufficient,Not retained in the final roles after global consolidation and compact-size selection.,
outer_001_feature_095,creatinine_clearance,,consistent,Not retained in the final roles after global consolidation and compact-size selection.,
outer_001_feature_096,creatinine_level,confounder,consistent,Key renal function marker; serves as a stable common cause.,multi:outer_001_feature_096:predictive_forest:outcome;multi:outer_001_feature_096:predictive_forest:treatment;multi:outer_001_feature_096:univariable:outcome;multi:outer_001_feature_096:univariable:treatment
outer_001_feature_097,crp_level,,mixed,Not retained in the final roles after global consolidation and compact-size selection.,
outer_001_feature_098,current_medications,,mixed,Not retained in the final roles after global consolidation and compact-size selection.,
outer_001_feature_099,deconditioning,,consistent,Not retained in the final roles after global consolidation and compact-size selection.,
outer_001_feature_100,diastolic_blood_pressure,,consistent,Not retained in the final roles after global consolidation and compact-size selection.,
outer_001_feature_101,disease_recurrence,,consistent,Not retained in the final roles after global consolidation and compact-size selection.,
outer_001_feature_102,disease_status,,mixed,Not retained in the final roles after global consolidation and compact-size selection.,
outer_001_feature_103,dizziness_present,effect_modifier,consistent,Exceptional R-learner gain; reflects neurological status.,multi:outer_001_feature_103:causal_forest:effect;multi:outer_001_feature_103:univariable_rlearner:effect
outer_001_feature_104,dural_sinus_patency,,mixed,Not retained in the final roles after global consolidation and compact-size selection.,
outer_001_feature_105,dysplasia_status,,insufficient,Not retained in the final roles after global consolidation and compact-size selection.,
outer_001_feature_106,dyspnea,,consistent,Not retained in the final roles after global consolidation and compact-size selection.,
outer_001_feature_107,dyspnea_on_exertion,,consistent,Not retained in the final roles after global consolidation and compact-size selection.,
outer_001_feature_108,dyspnea_severity,effect_modifier,consistent,Consistent evidence across UR and CF; captures respiratory limitation.,multi:outer_001_feature_108:causal_forest:effect;multi:outer_001_feature_108:univariable_rlearner:effect
outer_001_feature_109,ecog_performance_status,confounder,consistent,Gold standard for patient fitness; consistent and strong signal in both T and Y.,multi:outer_001_feature_109:predictive_forest:outcome;multi:outer_001_feature_109:predictive_forest:treatment;multi:outer_001_feature_109:univariable:outcome;multi:outer_001_feature_109:univariable:treatment
outer_001_feature_110,edema_presence,,mixed,Not retained in the final roles after global consolidation and compact-size selection.,
outer_001_feature_111,egfr_mutation_status,,mixed,Not retained in the final roles after global consolidation and compact-size selection.,
outer_001_feature_112,embolism_presence,,insufficient,Not retained in the final roles after global consolidation and compact-size selection.,
outer_001_feature_113,emphysema,,consistent,Not retained in the final roles after global consolidation and compact-size selection.,
outer_001_feature_114,employment_status,,consistent,Not retained in the final roles after global consolidation and compact-size selection.,
outer_001_feature_115,enzyme_elevation,,mixed,Not retained in the final roles after global consolidation and compact-size selection.,
outer_001_feature_116,eortc_qlq_c30_cognitive_function,,consistent,Not retained in the final roles after global consolidation and compact-size selection.,
outer_001_feature_117,eortc_qlq_c30_emotional_function,,consistent,Not retained in the final roles after global consolidation and compact-size selection.,
outer_001_feature_118,eortc_qlq_c30_global_health,,consistent,Not retained in the final roles after global consolidation and compact-size selection.,
outer_001_feature_119,eortc_qlq_c30_nausea,,mixed,Not retained in the final roles after global consolidation and compact-size selection.,
outer_001_feature_120,eortc_qlq_c30_physical_function,,consistent,Not retained in the final roles after global consolidation and compact-size selection.,
outer_001_feature_121,eortc_qlq_c30_social_function,,consistent,Not retained in the final roles after global consolidation and compact-size selection.,
outer_001_feature_122,epidural_hemorrhage,,mixed,Not retained in the final roles after global consolidation and compact-size selection.,
outer_001_feature_123,erythema_presence,,mixed,Not retained in the final roles after global consolidation and compact-size selection.,
outer_001_feature_124,esophagitis,,consistent,Not retained in the final roles after global consolidation and compact-size selection.,
outer_001_feature_125,estimated_glomerular_filtration_rate,confounder,consistent,Primary marker of renal reserve; definitive evidence for both treatment assignment and outcome.,multi:outer_001_feature_125:predictive_forest:outcome;multi:outer_001_feature_125:predictive_forest:treatment;multi:outer_001_feature_125:univariable:outcome;multi:outer_001_feature_125:univariable:treatment
outer_001_feature_126,exercise_duration,,consistent,Not retained in the final roles after global consolidation and compact-size selection.,
outer_001_feature_127,extra_axial_fluid_collection,,mixed,Not retained in the final roles after global consolidation and compact-size selection.,
outer_001_feature_128,extra_ocular_muscle_appearance,,mixed,Not retained in the final roles after global consolidation and compact-size selection.,
outer_001_feature_129,extremity_exam_findings,,mixed,Not retained in the final roles after global consolidation and compact-size selection.,
outer_001_feature_130,family_history_of_breast_cancer,,mixed,Not retained in the final roles after global consolidation and compact-size selection.,
outer_001_feature_131,family_history_of_colon_cancer,,mixed,Not retained in the final roles after global consolidation and compact-size selection.,
outer_001_feature_132,family_history_of_lung_cancer,,consistent,Not retained in the final roles after global consolidation and compact-size selection.,
outer_001_feature_133,family_history_of_myocardial_infarction,,consistent,Not retained in the final roles after global consolidation and compact-size selection.,
outer_001_feature_134,fatigue,,consistent,Not retained in the final roles after global consolidation and compact-size selection.,
outer_001_feature_135,febrile_neutropenia_presence,,consistent,Not retained in the final roles after global consolidation and compact-size selection.,
outer_001_feature_136,fgfr1_amplification_status,,mixed,Not retained in the final roles after global consolidation and compact-size selection.,
outer_001_feature_137,focal_intra_axial_lesion,,consistent,Not retained in the final roles after global consolidation and compact-size selection.,
outer_001_feature_138,gadolinium_contrast_use,,consistent,Not retained in the final roles after global consolidation and compact-size selection.,
outer_001_feature_139,gemcitabine_tolerance,,insufficient,Not retained in the final roles after global consolidation and compact-size selection.,
outer_001_feature_140,gender_identity,,consistent,Not retained in the final roles after global consolidation and compact-size selection.,
outer_001_feature_141,gene_amplification_status,,mixed,Not retained in the final roles after global consolidation and compact-size selection.,
outer_001_feature_142,genetic_mutation_status,,consistent,Not retained in the final roles after global consolidation and compact-size selection.,
outer_001_feature_143,genomic_dna_input_amount,,consistent,Not retained in the final roles after global consolidation and compact-size selection.,
outer_001_feature_144,gerd_presence,,consistent,Not retained in the final roles after global consolidation and compact-size selection.,
outer_001_feature_145,globe_appearance,,consistent,Not retained in the final roles after global consolidation and compact-size selection.,
outer_001_feature_146,glucose_level,,consistent,Not retained in the final roles after global consolidation and compact-size selection.,
outer_001_feature_147,growth_factor_support_use,,consistent,Not retained in the final roles after global consolidation and compact-size selection.,
outer_001_feature_148,head_shape_and_trauma_status,,consistent,Not retained in the final roles after global consolidation and compact-size selection.,
outer_001_feature_149,headache_presence,,mixed,Not retained in the final roles after global consolidation and compact-size selection.,
outer_001_feature_150,heart_rate,,consistent,Not retained in the final roles after global consolidation and compact-size selection.,
outer_001_feature_151,heent_exam_status,,mixed,Not retained in the final roles after global consolidation and compact-size selection.,
outer_001_feature_152,height,,consistent,Not retained in the final roles after global consolidation and compact-size selection.,
outer_001_feature_153,hematocrit,,consistent,Not retained in the final roles after global consolidation and compact-size selection.,
outer_001_feature_154,hematuria,,mixed,Not retained in the final roles after global consolidation and compact-size selection.,
outer_001_feature_155,hemoglobin_level,,consistent,Not retained in the final roles after global consolidation and compact-size selection.,
outer_001_feature_156,hemoptysis_presence,,mixed,Not retained in the final roles after global consolidation and compact-size selection.,
outer_001_feature_157,hernia_repair_history,,mixed,Not retained in the final roles after global consolidation and compact-size selection.,
outer_001_feature_158,hilar_lymphadenopathy_presence,,consistent,Not retained in the final roles after global consolidation and compact-size selection.,
outer_001_feature_159,hyperlipidemia_status,confounder,consistent,Common comorbidity with strong support in treatment and outcome models.,multi:outer_001_feature_159:predictive_forest:outcome;multi:outer_001_feature_159:predictive_forest:treatment;multi:outer_001_feature_159:univariable:outcome;multi:outer_001_feature_159:univariable:treatment
outer_001_feature_160,hypertension_status,,consistent,Not retained in the final roles after global consolidation and compact-size selection.,
outer_001_feature_161,hypothyroidism_presence,,insufficient,Not retained in the final roles after global consolidation and compact-size selection.,
outer_001_feature_162,illicit_drug_use,,consistent,Not retained in the final roles after global consolidation and compact-size selection.,
outer_001_feature_163,imaging_ct_scan_performed,,consistent,Not retained in the final roles after global consolidation and compact-size selection.,
outer_001_feature_164,imaging_finding_cerebellar_fdg_uptake,,consistent,Not retained in the final roles after global consolidation and compact-size selection.,
outer_001_feature_165,imaging_finding_right_lower_lobe_mass,,consistent,Not retained in the final roles after global consolidation and compact-size selection.,
outer_001_feature_166,imaging_finding_upper_lobe_mass,,consistent,Not retained in the final roles after global consolidation and compact-size selection.,
outer_001_feature_167,imaging_mri_performed,,mixed,Not retained in the final roles after global consolidation and compact-size selection.,
outer_001_feature_168,imaging_pet_suv_max,,consistent,Not retained in the final roles after global consolidation and compact-size selection.,
outer_001_feature_169,immunotherapy_type,,mixed,Not retained in the final roles after global consolidation and compact-size selection.,
outer_001_feature_170,inhaler_usage_dosage,,consistent,Not retained in the final roles after global consolidation and compact-size selection.,
outer_001_feature_171,intra_orbital_enhancement,,mixed,Not retained in the final roles after global consolidation and compact-size selection.,
outer_001_feature_172,intra_orbital_mass,,consistent,Not retained in the final roles after global consolidation and compact-size selection.,
outer_001_feature_173,intracranial_hemorrhage,,consistent,Not retained in the final roles after global consolidation and compact-size selection.,
outer_001_feature_174,jugular_venous_distention_presence,,consistent,Not retained in the final roles after global consolidation and compact-size selection.,
outer_001_feature_175,keap1_status,,consistent,Not retained in the final roles after global consolidation and compact-size selection.,
outer_001_feature_176,ki67_proliferation_index,,consistent,Not retained in the final roles after global consolidation and compact-size selection.,
outer_001_feature_177,knee_osteoarthritis_presence,,consistent,Not retained in the final roles after global consolidation and compact-size selection.,
outer_001_feature_178,known_drug_allergies,,insufficient,Not retained in the final roles after global consolidation and compact-size selection.,
outer_001_feature_179,kras_g12c_variant_allele_frequency,,consistent,Modifier rank 14 exceeds the training-selected prefix of 8. Not retained in the final roles after global consolidation and compact-size selection.,
outer_001_feature_180,ldh_level,,mixed,Not retained in the final roles after global consolidation and compact-size selection.,
outer_001_feature_181,leptomeningeal_enhancement_presence,,mixed,Not retained in the final roles after global consolidation and compact-size selection.,
outer_001_feature_182,lesion_presence,,mixed,Not retained in the final roles after global consolidation and compact-size selection.,
outer_001_feature_183,lesion_size,,consistent,Not retained in the final roles after global consolidation and compact-size selection.,
outer_001_feature_184,line_of_therapy,,consistent,Modifier rank 16 exceeds the training-selected prefix of 8. Not retained in the final roles after global consolidation and compact-size selection.,
outer_001_feature_185,lipid_lowering_therapy_use,,consistent,Not retained in the final roles after global consolidation and compact-size selection.,
outer_001_feature_186,lisinopril_dose,,consistent,Not retained in the final roles after global consolidation and compact-size selection.,
outer_001_feature_187,liver_function,,consistent,Not retained in the final roles after global consolidation and compact-size selection.,
outer_001_feature_188,liver_metastasis_presence,,consistent,Not retained in the final roles after global consolidation and compact-size selection.,
outer_001_feature_189,living_situation,,consistent,Not retained in the final roles after global consolidation and compact-size selection.,
outer_001_feature_190,lobectomy_type,,consistent,Not retained in the final roles after global consolidation and compact-size selection.,
outer_001_feature_191,lung_auscultation_findings,,consistent,Not retained in the final roles after global consolidation and compact-size selection.,
outer_001_feature_192,lung_cancer_histology,,insufficient,Not retained in the final roles after global consolidation and compact-size selection.,
outer_001_feature_193,lung_cancer_stage,,insufficient,Not retained in the final roles after global consolidation and compact-size selection.,
outer_001_feature_194,lung_disease_diagnosis,,consistent,Not retained in the final roles after global consolidation and compact-size selection.,
outer_001_feature_195,lung_mass_morphology,,insufficient,Not retained in the final roles after global consolidation and compact-size selection.,
outer_001_feature_196,lung_mass_suvmax,,consistent,Not retained in the final roles after global consolidation and compact-size selection.,
outer_001_feature_197,lymph_node_dissection_status,,consistent,Not retained in the final roles after global consolidation and compact-size selection.,
outer_001_feature_198,lymph_node_metastasis_count,,insufficient,Not retained in the final roles after global consolidation and compact-size selection.,
outer_001_feature_199,lymphadenopathy_status,,insufficient,Not retained in the final roles after global consolidation and compact-size selection.,
outer_001_feature_200,m_stage,,mixed,Modifier rank 23 exceeds the training-selected prefix of 8. Not retained in the final roles after global consolidation and compact-size selection.,
outer_001_feature_201,mediastinal_lymph_node_dissection_performed,,consistent,Modifier rank 12 exceeds the training-selected prefix of 8. Not retained in the final roles after global consolidation and compact-size selection.,
outer_001_feature_202,mediastinal_lymph_node_status,,insufficient,Not retained in the final roles after global consolidation and compact-size selection.,
outer_001_feature_203,medication_calcium_carbonate,,consistent,Not retained in the final roles after global consolidation and compact-size selection.,
outer_001_feature_204,medication_cisplatin,,consistent,Modifier rank 9 exceeds the training-selected prefix of 8. Not retained in the final roles after global consolidation and compact-size selection.,
outer_001_feature_205,medication_denosumab,,mixed,Not retained in the final roles after global consolidation and compact-size selection.,
outer_001_feature_206,medication_dexamethasone,,mixed,Not retained in the final roles after global consolidation and compact-size selection.,
outer_001_feature_207,medication_g12c_inhibitor,,mixed,Not retained in the final roles after global consolidation and compact-size selection.,
outer_001_feature_208,medication_gemcitabine,,mixed,Not retained in the final roles after global consolidation and compact-size selection.,
outer_001_feature_209,medication_lisinopril,,consistent,Not retained in the final roles after global consolidation and compact-size selection.,
outer_001_feature_210,medication_met_inhibitor,,mixed,Not retained in the final roles after global consolidation and compact-size selection.,
outer_001_feature_211,medication_oxycodone,,consistent,Not retained in the final roles after global consolidation and compact-size selection.,
outer_001_feature_212,medication_pemetrexed,,consistent,Modifier rank 10 exceeds the training-selected prefix of 8. Not retained in the final roles after global consolidation and compact-size selection.,
outer_001_feature_213,meningeal_thickening,,mixed,Not retained in the final roles after global consolidation and compact-size selection.,
outer_001_feature_214,met_amplification_status,,consistent,Modifier rank 15 exceeds the training-selected prefix of 8. Not retained in the final roles after global consolidation and compact-size selection.,
outer_001_feature_215,metabolic_response,,consistent,Not retained in the final roles after global consolidation and compact-size selection.,
outer_001_feature_216,metastasis_location,,consistent,Not retained in the final roles after global consolidation and compact-size selection.,
outer_001_feature_217,morphine_administered,,consistent,Not retained in the final roles after global consolidation and compact-size selection.,
outer_001_feature_218,mri_flair_hyperintensity_presence,,mixed,Not retained in the final roles after global consolidation and compact-size selection.,
outer_001_feature_219,msi_status,,consistent,Not retained in the final roles after global consolidation and compact-size selection.,
outer_001_feature_220,mucositis_presence,,mixed,Not retained in the final roles after global consolidation and compact-size selection.,
outer_001_feature_221,myelosuppression,,consistent,Not retained in the final roles after global consolidation and compact-size selection.,
outer_001_feature_222,myocardial_infarction_presence,,consistent,Not retained in the final roles after global consolidation and compact-size selection.,
outer_001_feature_223,n_stage,,consistent,Modifier rank 22 exceeds the training-selected prefix of 8. Not retained in the final roles after global consolidation and compact-size selection.,
outer_001_feature_224,napsin_a_expression,,consistent,Modifier rank 25 exceeds the training-selected prefix of 8. Not retained in the final roles after global consolidation and compact-size selection.,
outer_001_feature_225,nausea_severity,,consistent,Not retained in the final roles after global consolidation and compact-size selection.,
outer_001_feature_226,necrotic_fluid_presence,,consistent,Not retained in the final roles after global consolidation and compact-size selection.,
outer_001_feature_227,neurological_symptoms_presence,,consistent,Not retained in the final roles after global consolidation and compact-size selection.,
outer_001_feature_228,neutrophil_to_lymphocyte_ratio,effect_modifier,consistent,Highest combined magnitude across R-learner and Causal Forest; distinct inflammatory signal.,multi:outer_001_feature_228:causal_forest:effect;multi:outer_001_feature_228:univariable_rlearner:effect
outer_001_feature_229,night_sweats,,consistent,Not retained in the final roles after global consolidation and compact-size selection.,
outer_001_feature_230,nsclc_diagnosis,,consistent,Not retained in the final roles after global consolidation and compact-size selection.,
outer_001_feature_231,nyha_class,,consistent,Not retained in the final roles after global consolidation and compact-size selection.,
outer_001_feature_232,occupation,,consistent,Not retained in the final roles after global consolidation and compact-size selection.,
outer_001_feature_233,oncology_management_status,,mixed,Not retained in the final roles after global consolidation and compact-size selection.,
outer_001_feature_234,ondansetron_use,,mixed,Not retained in the final roles after global consolidation and compact-size selection.,
outer_001_feature_235,optic_chiasm_enhancement,,consistent,Not retained in the final roles after global consolidation and compact-size selection.,
outer_001_feature_236,optic_nerve_enhancement,,mixed,Not retained in the final roles after global consolidation and compact-size selection.,
outer_001_feature_237,orbital_fat_appearance,,consistent,Not retained in the final roles after global consolidation and compact-size selection.,
outer_001_feature_238,organomegaly_presence,,consistent,Not retained in the final roles after global consolidation and compact-size selection.,
outer_001_feature_239,osteoarthritis_presence,,consistent,Not retained in the final roles after global consolidation and compact-size selection.,
outer_001_feature_240,osteopenia,,consistent,Not retained in the final roles after global consolidation and compact-size selection.,
outer_001_feature_241,oxygen_saturation,,consistent,Not retained in the final roles after global consolidation and compact-size selection.,
outer_001_feature_242,oxygen_therapy_use,,mixed,Not retained in the final roles after global consolidation and compact-size selection.,
outer_001_feature_243,p40_expression,,consistent,Not retained in the final roles after global consolidation and compact-size selection.,
outer_001_feature_244,paclitaxel_dose,,insufficient,Not retained in the final roles after global consolidation and compact-size selection.,
outer_001_feature_245,pain_severity,,mixed,Not retained in the final roles after global consolidation and compact-size selection.,
outer_001_feature_246,palliative_care_status,,consistent,Not retained in the final roles after global consolidation and compact-size selection.,
outer_001_feature_247,patient_wishes,,mixed,Not retained in the final roles after global consolidation and compact-size selection.,
outer_001_feature_248,pd_l1_tps,,consistent,Not retained in the final roles after global consolidation and compact-size selection.,
outer_001_feature_249,pembrolizumab_dose,,mixed,Not retained in the final roles after global consolidation and compact-size selection.,
outer_001_feature_250,peripheral_neuropathy_grade,,mixed,Not retained in the final roles after global consolidation and compact-size selection.,
outer_001_feature_251,peritumoral_edema,,consistent,Not retained in the final roles after global consolidation and compact-size selection.,
outer_001_feature_252,periventricular_signal_abnormality,,consistent,Not retained in the final roles after global consolidation and compact-size selection.,
outer_001_feature_253,phospho_met_status,,mixed,Not retained in the final roles after global consolidation and compact-size selection.,
outer_001_feature_254,pi3k_pathway_activation,,consistent,Not retained in the final roles after global consolidation and compact-size selection.,
outer_001_feature_255,pituitary_gland_enhancement,,insufficient,Not retained in the final roles after global consolidation and compact-size selection.,
outer_001_feature_256,pituitary_gland_signal,,insufficient,Not retained in the final roles after global consolidation and compact-size selection.,
outer_001_feature_257,pituitary_gland_size,,insufficient,Not retained in the final roles after global consolidation and compact-size selection.,
outer_001_feature_258,platelet_count,,consistent,Not retained in the final roles after global consolidation and compact-size selection.,
outer_001_feature_259,pleural_effusion,,mixed,Not retained in the final roles after global consolidation and compact-size selection.,
outer_001_feature_260,pneumonia_diagnosis,,consistent,Not retained in the final roles after global consolidation and compact-size selection.,
outer_001_feature_261,posterior_fossa_enhancement,,consistent,Not retained in the final roles after global consolidation and compact-size selection.,
outer_001_feature_262,posterior_fossa_mass_effect,,consistent,Not retained in the final roles after global consolidation and compact-size selection.,
outer_001_feature_263,previous_radiation_therapy,,consistent,Not retained in the final roles after global consolidation and compact-size selection.,
outer_001_feature_264,primary_tumor_location,,consistent,Not retained in the final roles after global consolidation and compact-size selection.,
outer_001_feature_265,primary_tumor_morphology,,consistent,Not retained in the final roles after global consolidation and compact-size selection.,
outer_001_feature_266,primary_tumor_size,,mixed,Modifier rank 20 exceeds the training-selected prefix of 8. Not retained in the final roles after global consolidation and compact-size selection.,
outer_001_feature_267,prior_platinum_chemotherapy,,consistent,Not retained in the final roles after global consolidation and compact-size selection.,
outer_001_feature_268,prior_treatment_regimen,,consistent,Not retained in the final roles after global consolidation and compact-size selection.,
outer_001_feature_269,pro_ctcae_pain_severity,,consistent,Not retained in the final roles after global consolidation and compact-size selection.,
outer_001_feature_270,progressive_exertional_symptoms,,consistent,Not retained in the final roles after global consolidation and compact-size selection.,
outer_001_feature_271,proton_pump_inhibitor_use,,consistent,Not retained in the final roles after global consolidation and compact-size selection.,
outer_001_feature_272,psychiatric_symptom_presence,,consistent,Not retained in the final roles after global consolidation and compact-size selection.,
outer_001_feature_273,pulmonary_condition,,mixed,Not retained in the final roles after global consolidation and compact-size selection.,
outer_001_feature_274,pulmonary_function_test_status,,insufficient,Not retained in the final roles after global consolidation and compact-size selection.,
outer_001_feature_275,pulmonary_lesion_presence,,mixed,Not retained in the final roles after global consolidation and compact-size selection.,
outer_001_feature_276,pulmonary_nodules_presence,,mixed,Not retained in the final roles after global consolidation and compact-size selection.,
outer_001_feature_277,pupil_reactivity,,consistent,Not retained in the final roles after global consolidation and compact-size selection.,
outer_001_feature_278,qlq_c30_physical_function,,consistent,Not retained in the final roles after global consolidation and compact-size selection.,
outer_001_feature_279,qlq_c30_role_function,,consistent,Not retained in the final roles after global consolidation and compact-size selection.,
outer_001_feature_280,radiation_therapy_history,,mixed,Not retained in the final roles after global consolidation and compact-size selection.,
outer_001_feature_281,radiation_therapy_session_count,,consistent,Not retained in the final roles after global consolidation and compact-size selection.,
outer_001_feature_282,radiosurgery_history,,consistent,Not retained in the final roles after global consolidation and compact-size selection.,
outer_001_feature_283,range_of_motion_touch_toes,,insufficient,Not retained in the final roles after global consolidation and compact-size selection.,
outer_001_feature_284,rash_presence,,insufficient,Not retained in the final roles after global consolidation and compact-size selection.,
outer_001_feature_285,rash_pruritus_presence,,mixed,Not retained in the final roles after global consolidation and compact-size selection.,
outer_001_feature_286,renal_function_status,,mixed,Not retained in the final roles after global consolidation and compact-size selection.,
outer_001_feature_287,respiratory_rate,,consistent,Not retained in the final roles after global consolidation and compact-size selection.,
outer_001_feature_288,restricted_diffusion_on_dwi_adc,,consistent,Not retained in the final roles after global consolidation and compact-size selection.,
outer_001_feature_289,ret_rearrangement_status,,consistent,Not retained in the final roles after global consolidation and compact-size selection.,
outer_001_feature_290,retroperitoneal_lymphadenopathy_presence,,consistent,Not retained in the final roles after global consolidation and compact-size selection.,
outer_001_feature_291,ros1_mutation_status,,consistent,Not retained in the final roles after global consolidation and compact-size selection.,
outer_001_feature_292,ros1_rearrangement_status,,insufficient,Not retained in the final roles after global consolidation and compact-size selection.,
outer_001_feature_293,rsv_infection_status,,insufficient,Not retained in the final roles after global consolidation and compact-size selection.,
outer_001_feature_294,scapular_metastasis,,consistent,Not retained in the final roles after global consolidation and compact-size selection.,
outer_001_feature_295,serum_albumin,effect_modifier,consistent,Very strong evidence in R-learner and CF; critical marker of nutritional status.,multi:outer_001_feature_295:causal_forest:effect;multi:outer_001_feature_295:univariable_rlearner:effect
outer_001_feature_296,serum_bicarbonate,,consistent,Not retained in the final roles after global consolidation and compact-size selection.,
outer_001_feature_297,serum_calcium,,consistent,Not retained in the final roles after global consolidation and compact-size selection.,
outer_001_feature_298,serum_chloride,,mixed,Not retained in the final roles after global consolidation and compact-size selection.,
outer_001_feature_299,serum_creatinine,,consistent,Not retained in the final roles after global consolidation and compact-size selection.,
outer_001_feature_300,serum_potassium,,mixed,Not retained in the final roles after global consolidation and compact-size selection.,
outer_001_feature_301,serum_sodium,,consistent,Not retained in the final roles after global consolidation and compact-size selection.,
outer_001_feature_302,sex,,consistent,Not retained in the final roles after global consolidation and compact-size selection.,
outer_001_feature_303,skeletal_compression_fracture,,consistent,Not retained in the final roles after global consolidation and compact-size selection.,
outer_001_feature_304,skull_base_lytic_sclerotic_lesions,,consistent,Not retained in the final roles after global consolidation and compact-size selection.,
outer_001_feature_305,smoking_abstinence_date,,insufficient,Not retained in the final roles after global consolidation and compact-size selection.,
outer_001_feature_306,smoking_cessation_duration,,consistent,Not retained in the final roles after global consolidation and compact-size selection.,
outer_001_feature_307,smoking_status,,mixed,Not retained in the final roles after global consolidation and compact-size selection.,
outer_001_feature_308,stk11_mutation_status,,consistent,Not retained in the final roles after global consolidation and compact-size selection.,
outer_001_feature_309,subdural_hemorrhage,,consistent,Not retained in the final roles after global consolidation and compact-size selection.,
outer_001_feature_310,sulci_and_cisterns_appearance,,mixed,Not retained in the final roles after global consolidation and compact-size selection.,
outer_001_feature_311,surgical_margin_status,,consistent,Not retained in the final roles after global consolidation and compact-size selection.,
outer_001_feature_312,surgical_procedure,,consistent,Not retained in the final roles after global consolidation and compact-size selection.,
outer_001_feature_313,systolic_blood_pressure,confounder,consistent,Strong cardiovascular proxy; extremely high support across all modeling families for T and Y.,multi:outer_001_feature_313:predictive_forest:outcome;multi:outer_001_feature_313:predictive_forest:treatment;multi:outer_001_feature_313:univariable:outcome;multi:outer_001_feature_313:univariable:treatment
outer_001_feature_314,t_stage,,consistent,Modifier rank 24 exceeds the training-selected prefix of 8. Not retained in the final roles after global consolidation and compact-size selection.,
outer_001_feature_315,targeted_therapy_use,,mixed,Not retained in the final roles after global consolidation and compact-size selection.,
outer_001_feature_316,test_ngs_performed,,insufficient,Not retained in the final roles after global consolidation and compact-size selection.,
outer_001_feature_317,thyromegaly_presence,,insufficient,Not retained in the final roles after global consolidation and compact-size selection.,
outer_001_feature_318,tiotropium_use,,consistent,Not retained in the final roles after global consolidation and compact-size selection.,
outer_001_feature_319,tissue_thickening,,mixed,Not retained in the final roles after global consolidation and compact-size selection.,
outer_001_feature_320,tki_therapy_use,,insufficient,Not retained in the final roles after global consolidation and compact-size selection.,
outer_001_feature_321,tobacco_smoking_history,confounder,consistent,"Cumulative tobacco exposure; strong, consistent evidence for confounding.",multi:outer_001_feature_321:predictive_forest:outcome;multi:outer_001_feature_321:predictive_forest:treatment;multi:outer_001_feature_321:univariable:outcome;multi:outer_001_feature_321:univariable:treatment
outer_001_feature_322,total_bilirubin,,consistent,Not retained in the final roles after global consolidation and compact-size selection.,
outer_001_feature_323,tp53_mutation_status,,insufficient,Not retained in the final roles after global consolidation and compact-size selection.,
outer_001_feature_324,tp53_r273h_mutation_status,,mixed,Not retained in the final roles after global consolidation and compact-size selection.,
outer_001_feature_325,tps_score,,insufficient,Not retained in the final roles after global consolidation and compact-size selection.,
outer_001_feature_326,transependymal_flow,,mixed,Not retained in the final roles after global consolidation and compact-size selection.,
outer_001_feature_327,treatment_cycle_frequency,,mixed,Not retained in the final roles after global consolidation and compact-size selection.,
outer_001_feature_328,treatment_goals,,mixed,Not retained in the final roles after global consolidation and compact-size selection.,
outer_001_feature_329,treatment_response,,mixed,Not retained in the final roles after global consolidation and compact-size selection.,
outer_001_feature_330,ttf1_expression,,consistent,Modifier rank 28 exceeds the training-selected prefix of 8. Not retained in the final roles after global consolidation and compact-size selection.,
outer_001_feature_331,tumor_cell_presence,,insufficient,Not retained in the final roles after global consolidation and compact-size selection.,
outer_001_feature_332,tumor_differentiation,,consistent,Modifier rank 29 exceeds the training-selected prefix of 8. Not retained in the final roles after global consolidation and compact-size selection.,
outer_001_feature_333,tumor_invasion,,mixed,Not retained in the final roles after global consolidation and compact-size selection.,
outer_001_feature_334,tumor_mutational_burden,,consistent,Modifier rank 30 exceeds the training-selected prefix of 8. Not retained in the final roles after global consolidation and compact-size selection.,
outer_001_feature_335,ulceration,,mixed,Not retained in the final roles after global consolidation and compact-size selection.,
outer_001_feature_336,unintended_weight_change,,consistent,Not retained in the final roles after global consolidation and compact-size selection.,
outer_001_feature_337,variant_allele_frequency,,consistent,Not retained in the final roles after global consolidation and compact-size selection.,
outer_001_feature_338,vasogenic_edema_presence,,consistent,Not retained in the final roles after global consolidation and compact-size selection.,
outer_001_feature_339,ventricular_edema,,consistent,Not retained in the final roles after global consolidation and compact-size selection.,
outer_001_feature_340,ventricular_hemorrhage,,consistent,Not retained in the final roles after global consolidation and compact-size selection.,
outer_001_feature_341,ventricular_size,,consistent,Not retained in the final roles after global consolidation and compact-size selection.,
outer_001_feature_342,vertebral_metastasis_presence,,consistent,Not retained in the final roles after global consolidation and compact-size selection.,
outer_001_feature_343,vinorelbine_administered,,mixed,Not retained in the final roles after global consolidation and compact-size selection.,
outer_001_feature_344,visual_field_deficit,,consistent,Not retained in the final roles after global consolidation and compact-size selection.,
outer_001_feature_345,vitamin_deficiency_anemia,,consistent,Not retained in the final roles after global consolidation and compact-size selection.,
outer_001_feature_346,vitamin_supplement_use,,mixed,Not retained in the final roles after global consolidation and compact-size selection.,
outer_001_feature_347,weight,,mixed,Not retained in the final roles after global consolidation and compact-size selection.,
outer_001_feature_348,wheezing_presence,,mixed,Not retained in the final roles after global consolidation and compact-size selection.,
outer_001_feature_349,white_blood_cell_count,,consistent,Not retained in the final roles after global consolidation and compact-size selection.,
outer_001_feature_350,who_grade,,insufficient,Not retained in the final roles after global consolidation and compact-size selection.,
outer_001_feature_351,whole_brain_radiation_therapy,,consistent,Not retained in the final roles after global consolidation and compact-size selection.,
outer_001_feature_352,zoledronic_acid_dose_frequency,,consistent,Not retained in the final roles after global consolidation and compact-size selection.,
