_oci_row_id,treatment,outcome,propensity,mu0,mu1,effect_eligible
0,1.0,0.0,0.9859207111361517,0.8424156579393063,0.6205908497122812,False
1,0.0,1.0,0.13673657612053206,0.10028538817160551,0.0828270128372492,True
2,0.0,0.0,0.3851111058126753,0.2149835763717905,0.2749234579142106,True
3,1.0,1.0,0.8698235533864039,0.7476942968226499,0.6571849917730205,True
4,0.0,0.0,0.18769499893890684,0.2847595199428594,0.16471370039292402,True
6,0.0,0.0,0.2707559128472928,0.21157159374345402,0.15961634909585284,True
7,1.0,0.0,0.9243637751162626,0.792755703246115,0.8349258303316294,False
8,0.0,0.0,0.14848425657383751,0.0723272906961945,0.10897151206971517,True
9,1.0,1.0,0.5344812335769575,0.5396867542942503,0.4791202161268228,True
10,1.0,1.0,0.7894612928732248,0.8400627462105626,0.7679356679710015,True
11,1.0,0.0,0.7343210784010327,0.4366890465932652,0.16945510821241677,True
13,0.0,0.0,0.553280902627091,0.6267594182792638,0.3877142025616259,True
14,0.0,0.0,0.04677800373644554,0.024083255905921367,0.08253406295471806,False
16,0.0,1.0,0.46500884375186735,0.4794575282466721,0.23730932486137352,True
17,1.0,0.0,0.5995721958176572,0.16063751876393834,0.2892168097044203,True
18,1.0,1.0,0.5823357919356263,0.16245456033627143,0.17365097627761508,True
19,1.0,1.0,0.44743850634170035,0.5424385476447187,0.4265050040689166,True
20,0.0,0.0,0.038880148761484254,0.07853699116560865,0.1357804555135806,False
21,0.0,0.0,0.11228401146126853,0.1621658709479301,0.20827177718610568,True
22,0.0,0.0,0.22014669365821207,0.09959024826403948,0.0907054334611791,True
23,1.0,1.0,0.6515333818573995,0.8793494791782897,0.5822391899644176,True
24,1.0,0.0,0.8972389292041062,0.6480701176251638,0.8711154868185542,True
25,1.0,0.0,0.7760752752481024,0.3465746451728824,0.5188152522423581,True
26,1.0,0.0,0.3690077188403503,0.2534546715339573,0.2051574039332454,True
27,0.0,0.0,0.418206751753517,0.24215565629211014,0.1538128581083949,True
28,0.0,1.0,0.3837993234195164,0.7729457752364725,0.6978097230349694,True
29,1.0,0.0,0.667790154158208,0.592049350427982,0.4874518597554558,True
31,0.0,0.0,0.4856091177055905,0.08973284737886653,0.2929057757490238,True
32,1.0,1.0,0.8407775088841194,0.847727946089267,0.8096192686227672,True
33,0.0,1.0,0.5653614665253043,0.5905590788332626,0.533632282826828,True
34,0.0,0.0,0.407981375514059,0.3955670317194219,0.26587723419487164,True
36,0.0,0.0,0.18406860013833887,0.1783277309943344,0.6608789618616869,True
37,0.0,0.0,0.18556869811436216,0.2744588290737619,0.41457400392242943,True
38,1.0,1.0,0.5943898176311699,0.623414354771429,0.17478318209077484,True
41,1.0,0.0,0.46526498984637754,0.3121864148052308,0.36357832277565727,True
42,1.0,1.0,0.9491640864135525,0.6545197151716908,0.9058641205623209,False
44,1.0,0.0,0.9430202987196097,0.6446185481632062,0.8616676642436685,False
46,0.0,0.0,0.3495187501191158,0.12235774675536024,0.022052513047269438,True
47,0.0,0.0,0.2417443922642988,0.24516990390743124,0.564609360823014,True
49,0.0,0.0,0.032252190846685076,0.10685594804419338,0.0358077078558272,False
50,1.0,1.0,0.864733034597192,0.7906878848537685,0.7710188505190325,True
51,1.0,1.0,0.9587987135951264,0.49270827625640923,0.831274356836311,False
52,0.0,1.0,0.47807929542787503,0.5328916406969029,0.2660905140744991,True
53,1.0,1.0,0.6422768792307529,0.5723184917026705,0.6366103927819661,True
54,0.0,0.0,0.19904325604909773,0.38436447007177055,0.13910120842621534,True
55,0.0,0.0,0.13428384508824687,0.5698524013930478,0.40564495348934054,True
56,0.0,1.0,0.5761108096044183,0.19594559526806382,0.29917689007070797,True
57,1.0,1.0,0.7188778410067936,0.6738355838137652,0.7088308889147085,True
58,1.0,0.0,0.4350868578378102,0.6772895531471037,0.4566929804776161,True
59,1.0,0.0,0.462402366437463,0.5340802496676526,0.2208768790869964,True
60,1.0,0.0,0.8565798193973386,0.7206284114869912,0.8911783345954596,True
61,0.0,0.0,0.22186851642311758,0.26403987090461933,0.365442996555018,True
62,0.0,0.0,0.40687221709412097,0.381509325036963,0.35760704489704925,True
64,1.0,0.0,0.4520919521736047,0.20602419102672864,0.04361313173558493,True
65,0.0,0.0,0.3429429829687596,0.43704173841854277,0.42467386530968376,True
66,1.0,0.0,0.9048488695173029,0.832586456157522,0.6862731256312297,False
68,1.0,1.0,0.649904945644589,0.5117396357321574,0.6677802603922652,True
70,1.0,1.0,0.8920358751075791,0.7212354992209274,0.8506031406388208,True
71,0.0,1.0,0.8117697425460881,0.4525583068937147,0.643788848931977,True
73,1.0,0.0,0.7100352105505338,0.32752181555169874,0.4396945672937744,True
74,0.0,0.0,0.12383043252768992,0.5351118398043861,0.4082061931723553,True
76,0.0,1.0,0.2302178245892028,0.23954132422116345,0.593593684159087,True
77,0.0,0.0,0.5351402700354343,0.3090340801421131,0.6776554813651259,True
78,0.0,0.0,0.6294077463140625,0.40532350893877667,0.4226867130184545,True
79,1.0,0.0,0.6520394497274395,0.37708851243556,0.3975246573115031,True
80,1.0,1.0,0.4474055265835623,0.47972176263646826,0.5124134803574913,True
81,0.0,0.0,0.04347730506526915,0.17668898814115205,0.4342665289099544,False
82,1.0,1.0,0.7559072173345474,0.6074853941133853,0.49278040999745426,True
83,1.0,1.0,0.7061602593416958,0.5083814621285307,0.7486519242424002,True
84,1.0,1.0,0.49247901114212433,0.3169645748655239,0.5702478574379948,True
86,0.0,0.0,0.10996637438152786,0.035763270459428814,0.11036000404811279,True
87,1.0,1.0,0.8700136783094315,0.8975879768335048,0.8664036009410891,True
88,0.0,1.0,0.471391238534985,0.5743427654650723,0.6880195139599061,True
89,1.0,1.0,0.8924076881028767,0.6549134290251797,0.5323469530163044,True
90,1.0,1.0,0.5295649326732317,0.29526313781527874,0.5786376873259906,True
91,1.0,1.0,0.4490651084171991,0.3106680876644978,0.5668786418221684,True
92,1.0,0.0,0.21844924037962762,0.09668530941224832,0.13082643528241883,True
94,0.0,1.0,0.24711674555886554,0.3247462292408473,0.7739445592131234,True
95,0.0,1.0,0.6869984917852135,0.7599175136293084,0.760804989375062,True
96,1.0,1.0,0.7251176960840807,0.7245114152082696,0.8347728069568697,True
97,0.0,1.0,0.3185217288793196,0.49489938979133996,0.4265149265055695,True
98,1.0,1.0,0.9332715622537658,0.6121912621359562,0.6569503712806705,False
99,1.0,0.0,0.8673686645134603,0.41956252866561206,0.4545040111122278,True
100,0.0,1.0,0.26321415913983165,0.3302950547640728,0.24473012378762848,True
101,0.0,0.0,0.19289411874518494,0.37309631757372813,0.3804877594008581,True
102,1.0,1.0,0.9569018502459531,0.9681801032689397,0.8621319897272908,False
103,1.0,1.0,0.7802404576541007,0.8833145368457047,0.5780985038885634,True
104,0.0,0.0,0.3319122710405379,0.24924409601105224,0.0324439882117808,True
105,0.0,0.0,0.4239893177049992,0.24824335784779852,0.2626288820032047,True
106,1.0,0.0,0.2723443503949555,0.19860040906143298,0.35494406131666634,True
107,1.0,1.0,0.5860314739464866,0.5328096234361546,0.1653716531127871,True
108,0.0,1.0,0.471250694209472,0.5392288655029358,0.5091787115313086,True
109,0.0,1.0,0.29687887919854106,0.08318646938437278,0.5828132746910608,True
110,0.0,0.0,0.25904984787893864,0.3427359077025748,0.3147006697767974,True
111,0.0,0.0,0.0627725203953497,0.04423383801821352,0.11193040384317846,False
112,0.0,0.0,0.09931615941998899,0.558999547521314,0.03340018695273449,False
113,0.0,0.0,0.06341751060836698,0.13840636844570672,0.0830534206163889,False
114,1.0,0.0,0.6429015077460839,0.45714674058105415,0.3167516222958361,True
117,0.0,0.0,0.0840859543955603,0.3864878545568608,0.5092794699545733,False
118,1.0,0.0,0.5306391280409817,0.16867944163179116,0.41131529917696363,True
119,1.0,1.0,0.5902778955979717,0.4495695153690477,0.5784661071782363,True
120,1.0,1.0,0.6432435789113721,0.40555116505069255,0.5545410754013016,True
124,1.0,1.0,0.45337283973926423,0.363556132408933,0.33457043609625875,True
125,0.0,0.0,0.10325263789900893,0.25807163518991155,0.19437817255190756,True
127,0.0,0.0,0.2519540869077822,0.15457700433604615,0.23976491976311645,True
128,0.0,0.0,0.11158432150243142,0.27566935101321005,0.06910217227715823,True
129,1.0,0.0,0.24472159080631495,0.08076476036227623,0.6369772838199537,True
131,1.0,1.0,0.8145775595580641,0.6795961858648117,0.6159943553762939,True
132,0.0,0.0,0.21525081498043047,0.1576463546719669,0.1370764048186197,True
133,1.0,0.0,0.6185075151525391,0.8323680151330717,0.7130070315352245,True
134,1.0,0.0,0.2488696575152245,0.25468102780309543,0.5245798222261859,True
135,0.0,0.0,0.045182087141712665,0.11697919031006213,0.09272809538578579,False
136,1.0,1.0,0.6459135096561004,0.78607970131622,0.4403207980047759,True
138,1.0,1.0,0.6713842356696892,0.5651102989081938,0.7631214668747786,True
139,1.0,1.0,0.7482652899107378,0.43214926046918234,0.6425791962799113,True
140,1.0,0.0,0.7067837027671158,0.5037048906062963,0.7536560258719501,True
141,0.0,0.0,0.1983245002162516,0.09210264701139716,0.04973747440482252,True
142,1.0,0.0,0.6733123326810472,0.47128508806543223,0.733977818540887,True
143,1.0,0.0,0.28679498724238095,0.34538978673882315,0.24744897114586964,True
144,1.0,1.0,0.9456930300567892,0.7180126273306641,0.8072619650381656,False
146,1.0,0.0,0.07851838293062877,0.1159382246678401,0.09148313036686831,False
147,0.0,0.0,0.06151864091211834,0.03591301745031072,0.05660315675723817,False
148,1.0,0.0,0.28634954858229,0.36616186593750255,0.4239054730662699,True
149,0.0,1.0,0.3028000155800355,0.4042076604101441,0.311087272956624,True
150,1.0,0.0,0.5726113451813286,0.2827785640923072,0.49366964190673907,True
153,0.0,0.0,0.1393404221982823,0.11568188426261589,0.14923163739220224,True
154,0.0,0.0,0.1265250037019245,0.32768565906030633,0.4364889413242774,True
155,1.0,1.0,0.5788767769126468,0.40373285441989065,0.49158684600048097,True
156,1.0,1.0,0.390248692758593,0.6734904138703922,0.3172343220412991,True
157,0.0,1.0,0.3397774556804362,0.5272603321179221,0.5449653772974469,True
158,0.0,0.0,0.7063980771919807,0.48292058960800277,0.7632857788532045,True
159,1.0,0.0,0.8663796643613907,0.8953790429329819,0.6187575538922361,True
160,1.0,1.0,0.8164862808320491,0.3729622693929925,0.2325563237149222,True
161,0.0,0.0,0.8089958542848765,0.8266781022907977,0.579345578176852,True
163,0.0,1.0,0.2787167582055594,0.19204535102369935,0.31497124748596406,True
164,0.0,0.0,0.26823100074824785,0.33378492468506504,0.31338738643548536,True
165,1.0,1.0,0.7845557593005317,0.7947728521089943,0.29552590684696556,True
166,1.0,1.0,0.7509462001157806,0.5656613673819916,0.8067960351603394,True
168,0.0,0.0,0.0988574118489569,0.029029923419495375,0.29457771883088435,False
170,1.0,0.0,0.8273146904859471,0.45830779984548203,0.5837747526363852,True
171,0.0,0.0,0.2810711162442431,0.17534999154632053,0.06479497847020023,True
172,1.0,0.0,0.34950746495629875,0.23905423272316,0.30379196034610567,True
173,1.0,1.0,0.7395454285593712,0.7942194770354486,0.7507568975546558,True
174,1.0,0.0,0.8056285655346951,0.7859458579399745,0.28233442514913426,True
176,0.0,1.0,0.43091441201768765,0.46095036831489694,0.4030099431980022,True
177,0.0,1.0,0.42791039660502184,0.7718884828131565,0.5780275679874595,True
178,0.0,0.0,0.08724243924350368,0.3995320600085228,0.31477184223375343,False
179,0.0,0.0,0.6233765779631657,0.5827842717446023,0.5657993240135164,True
181,1.0,1.0,0.8701627470092964,0.6502006770344813,0.7192297251643988,True
182,1.0,1.0,0.7790805697753175,0.6955532800574815,0.4555380186527194,True
183,1.0,1.0,0.8259374306481102,0.5937671318799432,0.6438109467583876,True
184,1.0,1.0,0.7698322312855312,0.4279071788790306,0.29419300862007913,True
185,0.0,1.0,0.33819464479888267,0.5895102989571552,0.5596051532677287,True
187,1.0,1.0,0.8010584923035398,0.8430914433741923,0.8565386136216591,True
188,0.0,0.0,0.020066276801312066,0.054949187241977206,0.13500423489256883,False
189,1.0,0.0,0.8435004602930808,0.6803963506420717,0.7828831696814104,True
190,0.0,0.0,0.7738942822613446,0.566959849194508,0.5009141387481091,True
191,1.0,1.0,0.4299197989531538,0.5003489426487366,0.47094468982966364,True
192,0.0,0.0,0.0762793234946058,0.5905386213267766,0.27992988002318964,False
194,1.0,0.0,0.8375767918334549,0.6919010721410613,0.7978948249140769,True
195,1.0,0.0,0.21921190929490175,0.4691622026913434,0.44504610247713733,True
197,1.0,0.0,0.979533381742293,0.6977467648501688,0.7670544691271479,False
199,1.0,1.0,0.9705106506580005,0.820301981784137,0.8825453039432557,False
200,1.0,1.0,0.9110429935849352,0.6728525029996115,0.6764380043795349,False
201,0.0,1.0,0.7796562976401517,0.27616435764274133,0.35537566069204246,True
202,1.0,1.0,0.8545002877295429,0.8562710732515574,0.5742875139449612,True
203,1.0,0.0,0.21865836591039095,0.6730787860033649,0.44721207403794916,True
204,0.0,0.0,0.07902601908538599,0.08431869399548014,0.2059930645270206,False
206,1.0,1.0,0.42945006478257675,0.5428634903164581,0.7587690382995103,True
207,1.0,0.0,0.8022111404049497,0.6569727417750986,0.7979033261004755,True
209,1.0,1.0,0.9545110929119563,0.9342119964491342,0.5533167102287859,False
210,0.0,1.0,0.4805858664065905,0.5960846508115785,0.4196926887768036,True
212,0.0,0.0,0.060678361401065035,0.13714701256208603,0.20471814580030084,False
213,1.0,1.0,0.5169094786547778,0.5009127710151284,0.8208192186790125,True
214,1.0,1.0,0.34315575571420465,0.8924450598943552,0.6698317683632233,True
215,0.0,0.0,0.17538593549636142,0.14671768739305022,0.17207607816207574,True
216,0.0,0.0,0.09990029147158765,0.043956850986635466,0.07760593131928448,False
217,0.0,1.0,0.7861353609340956,0.5813364226455178,0.6254283702314444,True
218,0.0,1.0,0.5507227248121138,0.7733046523984426,0.8224999769343317,True
219,1.0,1.0,0.895800578446839,0.7441414755361088,0.8174910350644341,True
220,1.0,1.0,0.7727247361287077,0.7757816808757404,0.8228132009503817,True
221,0.0,0.0,0.5305657110030905,0.43549588204874046,0.4011542202676362,True
222,0.0,0.0,0.1077504470812219,0.5184936748076151,0.43852952509535714,True
223,1.0,1.0,0.8342197276249121,0.6728948067358825,0.6283430434247559,True
224,0.0,0.0,0.30274015351203615,0.18865576708117884,0.4613877261362522,True
225,1.0,1.0,0.8280804484794004,0.6483678309999501,0.781221776256526,True
226,0.0,0.0,0.6927294120538543,0.13136277262134174,0.2305322855197184,True
227,1.0,0.0,0.3401498172197866,0.33095449150931844,0.36798775765423003,True
228,0.0,0.0,0.34171705602872227,0.32186978154617724,0.39091725809883493,True
230,1.0,1.0,0.6849924913043691,0.3745496231432171,0.26562285523108486,True
231,0.0,0.0,0.23064151565522034,0.366336048935648,0.2168510915861213,True
232,1.0,0.0,0.7960565951621428,0.6035350728874421,0.4134732054726904,True
233,1.0,1.0,0.5184589552644322,0.29952418771011763,0.5143052226666204,True
234,1.0,0.0,0.9016897371631469,0.534767909668175,0.5149589360528637,False
235,1.0,0.0,0.3969670277191536,0.8774502207687974,0.829086035499022,True
236,0.0,0.0,0.4567984949473275,0.6749969059393115,0.4423804082854938,True
238,1.0,0.0,0.5319406283813969,0.2984440604234382,0.43255148027211143,True
239,0.0,0.0,0.2724003077672568,0.16346185869185023,0.32188849136871905,True
240,1.0,0.0,0.7053845803110014,0.13650002659072608,0.19557503230857207,True
242,0.0,1.0,0.2507625587633846,0.12794953905707948,0.40988929272599817,True
243,1.0,0.0,0.37010955627717995,0.20545440218822522,0.16318836888616872,True
244,1.0,0.0,0.8478791816973982,0.5657536259343383,0.559713393995582,True
245,1.0,0.0,0.2645305408088475,0.4081270821424971,0.3086856175175488,True
247,1.0,0.0,0.9198488813910838,0.6736427793606672,0.7072465413636911,False
248,0.0,1.0,0.5211816929266753,0.3927740651108323,0.8005605316983666,True
249,1.0,1.0,0.7976494005690519,0.867883868197866,0.7496295691558282,True
251,0.0,1.0,0.440090564997273,0.18023089501469045,0.6287601774666157,True
252,1.0,1.0,0.6673263832467728,0.5054559359933141,0.4854319433266229,True
253,0.0,0.0,0.25698542549560294,0.23519620356158388,0.37111389219515034,True
255,1.0,0.0,0.6200614112633035,0.38783038916930934,0.3547241733297802,True
256,0.0,1.0,0.3410134713899049,0.19663859625519362,0.16635401640271613,True
257,1.0,0.0,0.3308067969293841,0.2077345099805108,0.24084314587977373,True
258,1.0,0.0,0.7189319440784562,0.5554554373030328,0.6959922005444972,True
259,0.0,1.0,0.7245831226897298,0.6879808449998882,0.6551255405896671,True
260,0.0,0.0,0.25557874956576226,0.2440702197868095,0.31276156223096396,True
262,1.0,0.0,0.9390445685920874,0.644724135796438,0.436752009179628,False
263,0.0,0.0,0.7983273654870005,0.5668229570691629,0.3235800169909048,True
266,1.0,0.0,0.2782083710508855,0.20541456669505187,0.02173751124894333,True
267,1.0,0.0,0.6164343337604736,0.3336761622123262,0.2299440530395838,True
268,0.0,0.0,0.20363654270439263,0.645120630167113,0.5426183776394717,True
269,0.0,0.0,0.429186920594993,0.25946744106797487,0.3724627232518852,True
272,0.0,0.0,0.03418415367186808,0.15310562184143628,0.2937928668978146,False
273,0.0,0.0,0.3388508293210478,0.8433265569511584,0.8583077340350562,True
274,0.0,0.0,0.10170059671489025,0.11709563462444642,0.1471410353562297,True
275,1.0,0.0,0.2172915050789233,0.39758314463273225,0.3636603319646832,True
276,0.0,0.0,0.39028595264518445,0.33088050153927484,0.4919461985291289,True
279,1.0,1.0,0.885204802007916,0.7852541097049757,0.5815423371772588,True
280,1.0,0.0,0.856744430816017,0.3922167422045755,0.37629424684993495,True
281,0.0,0.0,0.1682327935416483,0.3574548349653207,0.6187561895894366,True
283,0.0,1.0,0.5387175578413809,0.4390729748022225,0.3087491574507693,True
285,0.0,1.0,0.14368947754138914,0.6139245825093386,0.2721778270854109,True
286,1.0,0.0,0.7571714575050861,0.28116340804545886,0.4562535923699444,True
287,0.0,1.0,0.8920140167031329,0.3683048757655991,0.7721582508157722,True
289,1.0,1.0,0.8157296761125483,0.9478474536775499,0.6027584432625248,True
290,0.0,1.0,0.40866577318960384,0.5924791793098939,0.44686035559352083,True
291,1.0,1.0,0.877932383399163,0.484232845599458,0.9086802477638088,True
292,0.0,0.0,0.1803599505027639,0.26974171554320797,0.3296541709470573,True
293,0.0,0.0,0.3168142954409755,0.4916577778465753,0.4684089606296743,True
295,0.0,1.0,0.7395754739714079,0.5603199480390096,0.5032728376572168,True
296,1.0,1.0,0.9636503961307756,0.8815387470445681,0.6969044316895238,False
297,0.0,0.0,0.18374787167083592,0.29521743139992035,0.11232329688962216,True
298,0.0,0.0,0.143189607230468,0.042816972005116236,0.05166872725172397,True
299,0.0,1.0,0.1388159515175391,0.0424830962384082,0.5118046639602647,True
300,0.0,1.0,0.27602900516537704,0.5375225824152149,0.35623384045585926,True
301,0.0,0.0,0.5133488680676104,0.5551660860578519,0.46808238601064556,True
302,1.0,0.0,0.8200041210385256,0.35775080373355395,0.21470032853019022,True
303,1.0,0.0,0.6279478433775705,0.3943484734797929,0.5952717424895626,True
304,0.0,1.0,0.938147505796479,0.579207379039581,0.5617885740188527,False
305,1.0,0.0,0.8424996558336796,0.5203561148489559,0.7724012887049467,True
306,1.0,1.0,0.913366120061784,0.6723477388061364,0.8502655396354698,False
307,1.0,1.0,0.8863807290383078,0.7049565635825288,0.43639497182865766,True
308,0.0,0.0,0.1535183205196428,0.04838443232999555,0.04437167639477484,True
309,1.0,0.0,0.4145901849270324,0.5249737222677409,0.5182267312838423,True
310,0.0,0.0,0.3851411448626051,0.4679199827885791,0.5345225531945975,True
311,0.0,0.0,0.09353748359558835,0.05260521991173626,0.17295943660801816,False
312,1.0,0.0,0.4322557043213956,0.23248725075172297,0.7708070062997836,True
313,0.0,0.0,0.5197267525526804,0.4166149986793072,0.4747122994202657,True
314,0.0,0.0,0.457619046318648,0.506126030278954,0.04843472482295172,True
315,1.0,1.0,0.9873282090876506,0.7481289920413066,0.7407496969605338,False
316,1.0,1.0,0.4595847686415235,0.09715531180342682,0.34242121464197317,True
317,0.0,0.0,0.013149040214915942,0.013997089812069506,0.08524344659605051,False
320,0.0,1.0,0.11594195555820352,0.30759681704620995,0.124758778190551,True
321,1.0,1.0,0.9559450359460486,0.8272087133166715,0.7691063045094308,False
322,0.0,1.0,0.4007985405095311,0.5747181696066875,0.46400105218351684,True
323,0.0,1.0,0.07995321657253414,0.6423568419994697,0.5466868798997069,False
324,1.0,1.0,0.8530966816162614,0.4640521460128059,0.9033818021886116,True
325,0.0,1.0,0.2851482354857425,0.4452533463452285,0.46485918063880693,True
326,1.0,1.0,0.951228478469577,0.8541605103899313,0.7786245242018767,False
327,0.0,1.0,0.044165238988462446,0.057326322871904846,0.33210460251336155,False
329,0.0,1.0,0.7083160524092048,0.6854954817927443,0.42234446719891927,True
330,0.0,0.0,0.3777383069301527,0.31541350099736276,0.2865573236475091,True
331,1.0,1.0,0.4647980776702707,0.549020790050217,0.8643872309741207,True
332,0.0,1.0,0.2573653847245044,0.23584753220808782,0.22397193888328978,True
333,1.0,1.0,0.9796778760331507,0.7418739024323059,0.5734186868334472,False
335,1.0,0.0,0.6072130094443574,0.13611937970539953,0.17327312820921725,True
336,0.0,1.0,0.9153408815133375,0.9670607294599961,0.8882951685737033,False
337,1.0,0.0,0.5760788610978933,0.37223686813826906,0.21609248554304533,True
338,1.0,1.0,0.9764338392266592,0.7975937471020257,0.7298083013609258,False
340,0.0,1.0,0.545850800520749,0.7773142166789909,0.4920252255297248,True
341,1.0,1.0,0.9509877081407133,0.6095832263383146,0.6348220041829995,False
342,1.0,1.0,0.584870394979572,0.3655304854675128,0.4969370389609594,True
344,1.0,0.0,0.5424040612629449,0.661564461891773,0.3513123329073577,True
345,0.0,0.0,0.08085195575902224,0.14599875244697674,0.3025807440859997,False
348,0.0,0.0,0.29310203918255745,0.5516119057038313,0.569087961049316,True
351,0.0,1.0,0.4339482565662838,0.3196886152546318,0.454033786316515,True
352,0.0,0.0,0.49173506326267347,0.3219353229197749,0.4884840888889114,True
353,0.0,1.0,0.6246267358972484,0.42092628272779414,0.3196706473121106,True
355,0.0,1.0,0.21868153131718154,0.413580849720156,0.5943188544176866,True
356,1.0,1.0,0.7183178215773953,0.7570180447443338,0.8748424679830374,True
358,0.0,0.0,0.20169614458793717,0.22727248525754332,0.10892879934324659,True
359,0.0,1.0,0.2909982076146599,0.18590378434303334,0.5399155711553011,True
362,0.0,1.0,0.04650561573108921,0.07392630111991798,0.4004621549467465,False
363,1.0,1.0,0.5897107153541856,0.5726210121066128,0.6330294224463339,True
364,0.0,0.0,0.41276129982062737,0.6537265531901126,0.20492627056123278,True
366,0.0,0.0,0.35762639016821873,0.32664904654965143,0.5522980811435737,True
367,0.0,1.0,0.15162401853605859,0.4339780530867976,0.7600953703222544,True
369,1.0,1.0,0.8356452520034927,0.49767122675770287,0.6498270237587876,True
371,0.0,0.0,0.2756641109324321,0.1642368479500727,0.12621322421801445,True
372,1.0,0.0,0.18347537670914416,0.29607123584822714,0.24446238413668445,True
373,1.0,0.0,0.23126035336167425,0.4304347242936441,0.41313137653649756,True
374,0.0,0.0,0.6681238405163332,0.6012920302702025,0.7175307274754965,True
375,1.0,0.0,0.4332344205276754,0.31371064736895976,0.31483949126844935,True
376,1.0,1.0,0.7926062993447566,0.15496694027694422,0.6153897485530664,True
377,1.0,1.0,0.9435434530386402,0.9623873492090295,0.7023249109395633,False
378,1.0,0.0,0.12628722764041667,0.10587572528536254,0.25428831692500203,True
379,0.0,1.0,0.7380850040576742,0.7350667040498732,0.6138040793345378,True
381,1.0,1.0,0.5165895493436138,0.4540743702706413,0.6220927066905699,True
382,1.0,0.0,0.7293859739007756,0.9076212114844466,0.8470396367663707,True
383,1.0,1.0,0.7583415045434982,0.837619330785389,0.7168061292627592,True
385,1.0,1.0,0.9290300053792129,0.8110382506239153,0.8948474482959274,False
386,1.0,1.0,0.8321774850854987,0.8218413379447363,0.7757923670384496,True
387,1.0,0.0,0.3468262605866402,0.7093132953000946,0.6818831343722577,True
388,0.0,0.0,0.38975860350178265,0.25441362884788643,0.7721140854058334,True
389,1.0,0.0,0.48759595677912093,0.6899378534736569,0.25531593372018985,True
390,0.0,0.0,0.44699032356542145,0.0955341762059607,0.17247180490349986,True
391,1.0,1.0,0.4619851092790293,0.27459452781359983,0.810212139129746,True
393,0.0,1.0,0.26281294501232516,0.6269939359548014,0.5905513261434389,True
394,1.0,1.0,0.8702438964790056,0.7220817909320617,0.808011439071877,True
395,0.0,0.0,0.01799972671117212,0.043576485367567454,0.07099765975857426,False
396,1.0,1.0,0.7898818214075355,0.7479124309748992,0.8220078028910723,True
397,0.0,0.0,0.31626702191265926,0.5123046544868362,0.1311007328925868,True
400,1.0,1.0,0.6219157078303214,0.8116149627172966,0.7482166660262084,True
401,0.0,1.0,0.7218845392165317,0.7664250314892692,0.8301516080327593,True
402,0.0,0.0,0.3490868877611502,0.18739674331764544,0.1313211452526098,True
403,1.0,1.0,0.7494396242219676,0.7391218024651477,0.7638713283032426,True
404,1.0,1.0,0.19237288395459562,0.6377899494367533,0.15646966940540233,True
405,1.0,1.0,0.656905798609383,0.6386142240740181,0.4959204885159502,True
406,0.0,0.0,0.20621286186236243,0.12735936420880034,0.4959984597406781,True
407,1.0,1.0,0.6045176851523588,0.8609118654331901,0.88655280595651,True
408,1.0,1.0,0.8226690840092742,0.35929013947243127,0.7799690775506838,True
410,1.0,1.0,0.6185121035986375,0.4518380286867129,0.42469380292897063,True
411,1.0,1.0,0.579522445583446,0.6245774811152982,0.761008305940461,True
412,1.0,1.0,0.9050008183123025,0.791133083633459,0.5064582935131786,False
413,1.0,1.0,0.8122372050223463,0.5306262388612853,0.6262351593171072,True
414,0.0,0.0,0.04531548245026569,0.46551217334401834,0.5641552765153832,False
415,0.0,1.0,0.39570730304168117,0.5293768806468951,0.3292872888233881,True
416,0.0,0.0,0.30530708088042363,0.31231856355998244,0.5428565434323982,True
417,0.0,0.0,0.37727428201340113,0.07091224335539308,0.35534268446032113,True
418,0.0,0.0,0.1136799319131766,0.11635811673054408,0.10397940009961211,True
419,1.0,1.0,0.7849731390674816,0.4770332168760247,0.8032055306801202,True
420,0.0,1.0,0.5402390008268371,0.36155970561158957,0.501888468749077,True
421,1.0,1.0,0.9660072506389437,0.7548225730315744,0.8132263817019773,False
423,1.0,1.0,0.34908733630398603,0.299036851595,0.6531702991413569,True
425,1.0,0.0,0.7657440117014065,0.8073632737636657,0.85785149394723,True
426,1.0,1.0,0.8288120033963634,0.35662458483554627,0.7633832954088628,True
427,0.0,1.0,0.42855232492819917,0.8979700725453778,0.16180149071411498,True
428,0.0,1.0,0.219717537517767,0.2860610035951784,0.2234813947090262,True
430,1.0,1.0,0.6862569050577936,0.7935697693472333,0.8805373580793292,True
432,0.0,1.0,0.6215345315713271,0.29791198956021947,0.4378989426312014,True
434,0.0,1.0,0.3299986685867645,0.17937326412384275,0.5002575000109581,True
437,0.0,0.0,0.019376808229150895,0.20475333208541732,0.0987394763090149,False
438,1.0,1.0,0.6111264282185985,0.46369051741168243,0.3963556960673095,True
439,0.0,1.0,0.7082257841203655,0.02551353001867949,0.3673157723798324,True
440,1.0,1.0,0.7961233881803502,0.6456497698048761,0.6544389364855495,True
441,0.0,1.0,0.3491786434739955,0.5064580419709678,0.5621508148996766,True
442,1.0,0.0,0.33737737347557883,0.18780081806024332,0.22842025040313818,True
443,1.0,0.0,0.3496306488689123,0.2166788875830281,0.07765707568490897,True
444,1.0,0.0,0.917426191488471,0.6171990927167169,0.7000540613890656,False
445,0.0,0.0,0.3858356270952751,0.28847634015302376,0.1661780237244375,True
448,0.0,1.0,0.5304513943293381,0.5751296467074927,0.32735044274222397,True
449,0.0,0.0,0.4268968233321728,0.18222027813767047,0.20313187734118685,True
450,1.0,0.0,0.7618355129058483,0.6030823991174901,0.7323723377424366,True
452,1.0,0.0,0.6510800491117067,0.502641388536327,0.3001171829003536,True
453,1.0,1.0,0.5666996085213691,0.7260717773904104,0.7133144968454562,True
454,0.0,1.0,0.2865956257523773,0.45536206556586895,0.7420268805659089,True
455,0.0,0.0,0.2853629880264705,0.4834317568782638,0.06263576992674069,True
456,1.0,1.0,0.5794773870878802,0.7392032743249468,0.8177144668431123,True
457,1.0,0.0,0.9171599721967225,0.8981914216610292,0.8597484100935915,False
458,0.0,0.0,0.7140090593982183,0.19401677762205588,0.4878434892666704,True
459,0.0,0.0,0.18991168028213518,0.019511654303162648,0.08485917086221462,True
461,1.0,1.0,0.9632704173262674,0.9464864347478265,0.9714880391059062,False
463,0.0,0.0,0.3954654041840798,0.20492459063894258,0.5347722762851995,True
464,1.0,1.0,0.9057120390875666,0.8298728165586458,0.8352116912353916,False
466,0.0,0.0,0.5313334154348165,0.09132447043945427,0.10464332999434788,True
469,0.0,1.0,0.6665729988371352,0.7780348001890521,0.8410949409731414,True
470,0.0,0.0,0.2019163001532027,0.1364366931851871,0.10297564044991667,True
471,0.0,0.0,0.18182046149577397,0.05833838869593048,0.08698716347913675,True
472,1.0,0.0,0.6111319505154506,0.2839171090512783,0.3905706322678233,True
473,0.0,0.0,0.5212652601030887,0.38014238063537464,0.5268241804469732,True
475,0.0,1.0,0.493396277822251,0.6754241535638829,0.6806104558913216,True
476,0.0,0.0,0.3174903922562371,0.2443965049187989,0.3782934980444992,True
477,0.0,0.0,0.48332222657543417,0.27329356510565445,0.4005601192718478,True
479,0.0,1.0,0.49677751144405075,0.14892818873403893,0.22196124805980008,True
480,1.0,1.0,0.9433129378275307,0.884059190919517,0.7969274750420918,False
482,1.0,1.0,0.8592774927950857,0.6482182465802986,0.851928363517563,True
483,1.0,0.0,0.6121241169703363,0.4719328628763614,0.24995251104010496,True
484,0.0,0.0,0.4529908824463091,0.07352139180862187,0.39781339626900863,True
485,0.0,0.0,0.7401565021586299,0.8167779539998249,0.6398756866465842,True
488,0.0,1.0,0.8742729166989032,0.5646288519055581,0.4875723006553881,True
489,1.0,1.0,0.8390801459741809,0.30291571717217153,0.36767749408651923,True
490,1.0,0.0,0.10818630553006839,0.37086508831263487,0.3845673700873383,True
491,0.0,1.0,0.4565942105932741,0.7927542229637734,0.8475761052694787,True
492,1.0,0.0,0.5276434800311632,0.7718937667710702,0.33825301032207206,True
493,1.0,1.0,0.899834710924576,0.6096871532896032,0.4707060690304011,True
494,1.0,0.0,0.6478290184080137,0.2569151964183938,0.4154276869341714,True
495,0.0,0.0,0.28729502581091854,0.24458534344778787,0.19271597365961954,True
496,0.0,0.0,0.0681400171986632,0.07303632151221943,0.027409571694930236,False
497,0.0,0.0,0.3312710994993219,0.024819926305452527,0.05404364812914152,True
499,0.0,0.0,0.13985555290648508,0.07165663882679359,0.1573298435376767,True
500,1.0,1.0,0.7361060181270836,0.4973790643086514,0.4910751264981676,True
501,1.0,1.0,0.791368061727655,0.7502364319373513,0.5386517481363744,True
502,1.0,0.0,0.3947178053301819,0.3280680687977958,0.34832562061613825,True
504,1.0,1.0,0.7258019013650441,0.5648969412915381,0.5418726368823474,True
505,1.0,1.0,0.8090787461722487,0.18949981870939406,0.617337828056239,True
506,1.0,1.0,0.8817806065682572,0.7685552893483223,0.9213029204182362,True
509,1.0,1.0,0.6882409342382949,0.46888582581753413,0.8158661372025174,True
510,1.0,1.0,0.846066595485794,0.6635098257677075,0.23490655658034448,True
511,0.0,1.0,0.2668485096841558,0.35776504445011353,0.7030066422671281,True
512,0.0,1.0,0.639526541387355,0.3005617596868317,0.20760596251036345,True
513,1.0,1.0,0.9422787927800194,0.9512286397557854,0.6118993709484286,False
515,0.0,0.0,0.38135353646079095,0.40855644199800506,0.2471665981668222,True
516,1.0,0.0,0.9802340387870961,0.24061981625792161,0.271442906913427,False
517,1.0,0.0,0.4680206650104309,0.5663609651281046,0.2625954118162713,True
518,0.0,0.0,0.482683116978047,0.15587274544872162,0.12605591392225882,True
519,1.0,1.0,0.8692685429197766,0.6262625346390904,0.8465121790638044,True
520,0.0,0.0,0.07880241948835355,0.4238461713861854,0.3295688189972906,False
521,1.0,1.0,0.6234703103537672,0.4618359051309299,0.700213954648838,True
522,1.0,1.0,0.08718213830125839,0.5225820883047131,0.47495063478481603,False
523,1.0,0.0,0.9445053253935629,0.7987569225786273,0.8001222633380501,False
524,0.0,0.0,0.3358133099127238,0.08935332387916986,0.20262680229946492,True
525,1.0,0.0,0.6665403329348809,0.3962606281506269,0.29011596002805373,True
527,0.0,0.0,0.2597283854008068,0.27039907740084906,0.5392028798853615,True
529,0.0,0.0,0.3766864907716467,0.1649038920339385,0.5956434178199401,True
530,0.0,0.0,0.44410956489774794,0.0016536576820956202,0.9860894933827702,True
531,0.0,0.0,0.2793100176558973,0.15016525353590496,0.17146943982295454,True
533,1.0,0.0,0.7706328243528754,0.561219348668802,0.5180984421037708,True
536,0.0,0.0,0.19001439639362508,0.21378619106136248,0.38894082081011516,True
537,1.0,0.0,0.2747487139504136,0.18798511386948655,0.08954586135985443,True
540,1.0,0.0,0.4781947378987423,0.6443849364045955,0.4248331008604417,True
541,0.0,1.0,0.04679438317694082,0.20044767006683845,0.10851694120209775,False
542,0.0,1.0,0.5319538480694226,0.544441156630987,0.8335046927424603,True
543,0.0,1.0,0.2180883000643536,0.5212674043761122,0.12830740939039753,True
544,1.0,0.0,0.5253259234721213,0.6659818679758153,0.3663754819669259,True
545,0.0,1.0,0.5237973450389878,0.3682581452391165,0.6979049495111062,True
547,1.0,0.0,0.4438526481864605,0.3700854460870379,0.2842777954338885,True
548,0.0,1.0,0.7533638501198213,0.1125473299132402,0.09817316239118447,True
551,1.0,1.0,0.3452244344437763,0.36785950326313477,0.7543199765622207,True
553,1.0,0.0,0.9476494261980394,0.7015966150994851,0.23941504743107786,False
554,0.0,0.0,0.4151664610619208,0.2835991614539211,0.7205890754200869,True
555,0.0,0.0,0.30829239263057323,0.4272293081004336,0.31820819231083836,True
556,0.0,0.0,0.6538623984593113,0.42819028021339606,0.30277657707915573,True
557,1.0,0.0,0.7820776450335519,0.6545587770282,0.8118548512802685,True
558,1.0,1.0,0.6901778471938997,0.8576286611446932,0.8530352091204324,True
562,1.0,1.0,0.8960664539540883,0.8926617685337708,0.802323108857659,True
564,1.0,0.0,0.5599276426971755,0.4499531054352074,0.08803959494048391,True
565,0.0,0.0,0.12170919987409039,0.21322549201149749,0.5694013093334038,True
566,0.0,0.0,0.5401692404119687,0.40904806267204263,0.21398862021482357,True
567,1.0,1.0,0.8769186171243001,0.8289010335313828,0.9463669750197892,True
570,1.0,1.0,0.5582671078768964,0.18019933291231668,0.3303513810464916,True
572,0.0,0.0,0.12222914890066772,0.11012446086375315,0.5588402338965178,True
573,1.0,1.0,0.9003023349892848,0.5141309101057308,0.7114128774136561,False
574,0.0,1.0,0.5259418147048491,0.45626967004515195,0.452922110184552,True
575,0.0,0.0,0.4127804270969811,0.42898433109581025,0.6755974967496435,True
577,0.0,0.0,0.4731786846363679,0.13269397565721092,0.5228509414824428,True
579,0.0,1.0,0.5351376063133899,0.08252980021897846,0.5979624886558871,True
581,1.0,0.0,0.24173326651375646,0.203477252509627,0.21700337527794933,True
582,0.0,0.0,0.2907324595714659,0.10354177932102131,0.26721331939257276,True
583,1.0,1.0,0.7360646986376785,0.8699533545027532,0.8357269855219577,True
585,1.0,0.0,0.5888659375664268,0.3666769772409661,0.32985205785066507,True
586,0.0,0.0,0.17349960629317301,0.36986718932679086,0.27242105375834275,True
587,0.0,0.0,0.08266430772572576,0.5291413131436219,0.33034883383656943,False
589,1.0,1.0,0.9689082981487025,0.8169956047317544,0.9127537553702888,False
590,1.0,0.0,0.6062999855815168,0.3154937308149937,0.4528788008508031,True
591,0.0,0.0,0.09283468760114437,0.05024645813895355,0.08773159843825765,False
592,0.0,0.0,0.15139296208037833,0.09144524507907771,0.17689376192339412,True
593,1.0,0.0,0.9731543858515315,0.8431080849261279,0.8095398350728136,False
595,1.0,0.0,0.6799903513663402,0.57377828710597,0.4281227477822843,True
596,1.0,1.0,0.7311219325936565,0.5295262274184339,0.7494793339036526,True
597,1.0,1.0,0.9189845520024832,0.4264986512108658,0.5740718160517453,False
598,1.0,0.0,0.22657014327174269,0.21770924586908447,0.13870785980764583,True
600,1.0,0.0,0.8299723634121808,0.7123915740494546,0.7174433606577322,True
601,0.0,1.0,0.5410339314392394,0.3350171828731632,0.4102326811481845,True
602,1.0,1.0,0.836092101750639,0.6823554027055391,0.8358518635374002,True
604,1.0,0.0,0.7705133170820474,0.5682736494233928,0.24205874264971622,True
605,0.0,0.0,0.19672385613031687,0.20016087958554307,0.25172398525799267,True
608,1.0,1.0,0.6746878973672338,0.3206473096397649,0.47080680441634953,True
610,0.0,0.0,0.5809456054570552,0.5720437035740784,0.65437842985553,True
611,1.0,1.0,0.88850956753245,0.8439267727974646,0.7346657196185999,True
612,1.0,0.0,0.869838190059887,0.787420009765463,0.7929771123805127,True
613,1.0,1.0,0.6633889966784625,0.8781174775449437,0.7742760842925502,True
615,0.0,0.0,0.41457356304735643,0.12665572360419955,0.19933298140642283,True
616,0.0,0.0,0.2146788540084885,0.27553359669326793,0.39768594682567554,True
618,0.0,0.0,0.3437549837219453,0.27689041210704524,0.15780165646545932,True
619,0.0,0.0,0.19187072037813413,0.13832156077129168,0.2403675642200901,True
620,0.0,0.0,0.3517998140861913,0.25288552547339344,0.3761647192647853,True
622,1.0,0.0,0.5933252311578724,0.27407531528003537,0.13795926973497177,True
623,0.0,0.0,0.10965152810878959,0.04830264223358172,0.18820589252714923,True
624,0.0,1.0,0.4057730133732675,0.6269598341813634,0.8011160239964958,True
625,0.0,1.0,0.7669636643051285,0.7807716914032874,0.4779453724543992,True
627,1.0,1.0,0.8289895683993114,0.577084277798951,0.5859337703408424,True
628,1.0,1.0,0.7066296518898604,0.4485586279146232,0.3257467346975728,True
629,1.0,0.0,0.2783232720952253,0.393033998225724,0.2502827481155658,True
630,0.0,0.0,0.29150933302908455,0.4299339275447555,0.18404022453927818,True
631,0.0,0.0,0.1396117788427504,0.5506176664070712,0.4206887343793579,True
632,0.0,0.0,0.36741502313575136,0.10913247413905043,0.17477480060760378,True
633,0.0,0.0,0.22149216605872882,0.24338226584747816,0.6118226952024193,True
634,0.0,0.0,0.7261700354230628,0.6253932289471905,0.1317736191596212,True
635,0.0,0.0,0.44841340746509484,0.24240602305526104,0.13884614225288242,True
636,1.0,1.0,0.4507492045341055,0.2536624295780143,0.12034640033402214,True
637,1.0,1.0,0.5985469275405948,0.2607866653719536,0.35452272896096404,True
639,1.0,0.0,0.55020220956731,0.5473059302512457,0.3436602205957906,True
640,1.0,0.0,0.8099744733202362,0.8205774932343555,0.8738755026045679,True
641,1.0,1.0,0.967651424747966,0.7236905778458407,0.8068416028594276,False
642,0.0,0.0,0.21955086049607375,0.15153270349766532,0.046735371068662705,True
643,1.0,1.0,0.9781252536779267,0.8460204500472028,0.7613053697070375,False
644,1.0,1.0,0.4576526436650996,0.8082945895419239,0.6177255343609506,True
645,1.0,1.0,0.6512531383652147,0.5212723292335417,0.2575321493910082,True
646,0.0,0.0,0.1728566117865563,0.3326424942706986,0.5010027893241041,True
647,1.0,1.0,0.8535700176958427,0.3596957165333204,0.6740619964438829,True
649,1.0,0.0,0.91655576308597,0.47928528122101444,0.6830287408187946,False
650,1.0,1.0,0.4858636103327642,0.2656660763477054,0.3425960659953308,True
652,1.0,1.0,0.678176015153454,0.9244104582994,0.8117488333596636,True
653,0.0,1.0,0.6851285397944087,0.28709762086169927,0.3082598913942143,True
654,1.0,1.0,0.9282940035886045,0.9220738032198579,0.7417810140464102,False
655,0.0,1.0,0.8541954905609218,0.7627175305836744,0.6435801594094481,True
657,1.0,0.0,0.5256432115218778,0.6771362842465376,0.4356482802445396,True
658,1.0,0.0,0.7074481221142389,0.1796063362079218,0.24699705499253982,True
659,0.0,0.0,0.23684710884621232,0.38400130596708326,0.11737769993226287,True
660,0.0,0.0,0.16904030188985159,0.059983188075349324,0.2675523979089994,True
661,1.0,1.0,0.3866887294908056,0.3917765088623648,0.5503953945834698,True
664,1.0,1.0,0.8071567592023648,0.6175036542871783,0.881918134046748,True
665,1.0,0.0,0.3378986707172689,0.39208641171970415,0.5895392640851411,True
666,1.0,1.0,0.7224228037445312,0.7436145213924799,0.7935107555612829,True
667,1.0,0.0,0.6691149757388238,0.44901965673310196,0.6246227751925431,True
668,0.0,0.0,0.16765286151670594,0.08311375421910877,0.18644460327521248,True
669,1.0,1.0,0.8823527336577018,0.7606304288475693,0.614763183841681,True
670,1.0,1.0,0.8983904904925972,0.9003860183727385,0.5377990946965592,True
671,0.0,1.0,0.7053302225473349,0.4942227407123172,0.8336898499801741,True
672,1.0,1.0,0.6303124034139946,0.40853690339827525,0.7171274473765162,True
673,1.0,1.0,0.6577860889081608,0.7309419550650927,0.8661667744370201,True
674,1.0,1.0,0.7165911692749249,0.9247056626234151,0.7102124727780016,True
675,1.0,1.0,0.6081017622134737,0.21271103206546602,0.31707190050255135,True
677,1.0,0.0,0.18962028854626412,0.47380824852546266,0.5947293984624498,True
678,1.0,0.0,0.852785231644919,0.8376071039531656,0.5529756327356589,True
679,0.0,1.0,0.0786648671988279,0.4570315085843954,0.20430851511286627,False
681,1.0,0.0,0.789568946761071,0.4616471985600512,0.5005910479325877,True
682,1.0,0.0,0.6813340413210496,0.3493281951880052,0.449962648158647,True
683,1.0,0.0,0.6691855905621442,0.35731733726511744,0.21564992062726762,True
685,0.0,1.0,0.2786899881916766,0.24054969653041014,0.327351331128208,True
686,0.0,0.0,0.38433459437313977,0.15736297160373877,0.32069843961534017,True
687,1.0,0.0,0.9718541673159218,0.43299029666789446,0.6599905392038439,False
688,0.0,0.0,0.28099307796384154,0.11554437345277205,0.4567204074635787,True
690,1.0,0.0,0.4427055673543659,0.12367968523361701,0.07858703299182096,True
691,1.0,0.0,0.384267568490807,0.42296066815242295,0.5686944768596842,True
692,1.0,0.0,0.7460116505878213,0.3864800217504997,0.4426816878478227,True
693,1.0,0.0,0.766655671753861,0.9324761247651923,0.5178907037544077,True
694,1.0,0.0,0.4985499720955072,0.38236187204554856,0.8173452647196482,True
695,0.0,1.0,0.7987085284269423,0.5121759206594281,0.26130568620504757,True
696,0.0,1.0,0.5870597103201423,0.1677908304313966,0.259134768385187,True
697,1.0,1.0,0.6022298921431516,0.5737147377683958,0.7476868529429658,True
698,1.0,1.0,0.790480764085817,0.6868909659413994,0.6512511079197104,True
699,0.0,0.0,0.6354100487982753,0.5005780656815467,0.6308971667094995,True
700,1.0,1.0,0.8914613746302887,0.7805937766182793,0.5840820930866544,True
701,1.0,1.0,0.8987536179409144,0.7635162480642527,0.8494558122217357,True
703,0.0,1.0,0.07244126998788125,0.6771757937154098,0.2348960770164876,False
704,0.0,1.0,0.4176859948819453,0.5756471881505018,0.5919361488501731,True
706,0.0,1.0,0.5210518750782892,0.5887841497034652,0.6353962348534404,True
709,1.0,0.0,0.6904504854261495,0.4849259057129842,0.49526646873805047,True
710,1.0,0.0,0.31270393196070617,0.16569430765945556,0.1744005999531337,True
711,1.0,1.0,0.8232081369503,0.7935357083824218,0.668696309305579,True
714,0.0,0.0,0.11890092010484479,0.4326044102150277,0.22320912130709958,True
715,0.0,0.0,0.10384853676744313,0.023461199108305297,0.33762090480835383,True
716,0.0,0.0,0.38000159651006193,0.7091649683834842,0.533178246525729,True
717,1.0,1.0,0.609841590725002,0.570942482897795,0.7100443413852726,True
718,1.0,1.0,0.50749263395321,0.6933981360579677,0.8157103622354378,True
719,1.0,0.0,0.828133543402078,0.33827165539217735,0.2552220454764205,True
720,0.0,0.0,0.7346252223353051,0.2974692181638882,0.40482078579423336,True
721,1.0,0.0,0.2449649470801454,0.347322263716039,0.3829354043011222,True
722,0.0,0.0,0.4172439529169466,0.16134714674325265,0.10098564005806616,True
724,1.0,1.0,0.6890626858379436,0.3574098569540831,0.3889772851929485,True
725,1.0,1.0,0.8955801439649753,0.4657854552534197,0.694160218892068,True
726,1.0,1.0,0.7231071090814182,0.6093000691294629,0.8863474309608754,True
728,0.0,0.0,0.0565449355703716,0.04986338741712327,0.1716074952803965,False
729,1.0,1.0,0.520613457331694,0.7377097517692285,0.4736098784162192,True
730,0.0,0.0,0.3312979545375009,0.34507760843818963,0.15088053127447235,True
731,0.0,1.0,0.322480021625284,0.5967075211070613,0.8606232588805871,True
732,1.0,1.0,0.8751992959081026,0.7614665895072953,0.7290628849072004,True
733,1.0,0.0,0.7462454585198622,0.7486038113393707,0.690567027544335,True
734,1.0,0.0,0.44953739493298706,0.613803626013967,0.20611598468559753,True
736,1.0,1.0,0.9164144473196224,0.8953285772880334,0.7987137688836247,False
737,0.0,0.0,0.23486645965904093,0.2812183274701737,0.6504658793860464,True
738,0.0,0.0,0.6196341074551655,0.5195892542640252,0.1527060457836446,True
740,0.0,1.0,0.612348870750254,0.5164251713018256,0.637301752839319,True
741,0.0,1.0,0.809045734013346,0.6410566972021228,0.6444552191040496,True
742,0.0,0.0,0.558153817371189,0.1992716275118616,0.1474440817996451,True
745,0.0,0.0,0.3148217224650843,0.3238013507688019,0.6226018926452769,True
746,0.0,0.0,0.16147699578575264,0.09108436108758027,0.3741743174793064,True
747,1.0,1.0,0.9131428569530524,0.9469094067045796,0.9368205985389604,False
748,1.0,1.0,0.35119551498174745,0.7946858328798823,0.5845864139859697,True
749,1.0,1.0,0.8771020318084753,0.40452493482008905,0.07478792980225085,True
750,0.0,1.0,0.16908814600347616,0.42745942241146345,0.7302772676460038,True
751,1.0,1.0,0.7908449647948611,0.5273735892532807,0.6391796308442512,True
753,0.0,0.0,0.8013809407976201,0.18315055204741015,0.12968423762566178,True
754,0.0,0.0,0.2948867144471907,0.19712672213213586,0.10734789568748512,True
755,1.0,1.0,0.7451060562996309,0.8143532048837554,0.7542483821805624,True
756,1.0,1.0,0.6511622635177728,0.8607642210422702,0.7974009822684631,True
757,0.0,1.0,0.3009370899850976,0.8527212802485578,0.5291008007331652,True
758,0.0,0.0,0.6123358500371991,0.4211218693031865,0.5193540426429458,True
759,1.0,1.0,0.9275130749178542,0.9173218892366314,0.8242226464776156,False
761,1.0,1.0,0.7307990830480557,0.19448911191430057,0.6550855143163365,True
762,0.0,0.0,0.12133189576253334,0.04722741521950148,0.08384039691455027,True
763,0.0,0.0,0.15905368440997444,0.5888270462706201,0.42929760824617896,True
764,1.0,1.0,0.8267840300311562,0.4776544367554664,0.6051751761462133,True
765,1.0,1.0,0.7428896550153574,0.3387092421694531,0.8511741619662906,True
766,1.0,1.0,0.8988662964020051,0.17145555223903514,0.3304329493173238,True
767,1.0,1.0,0.7696781894168397,0.3826981108816891,0.23561879443048223,True
768,1.0,0.0,0.503520268866938,0.3623321652815582,0.19383659004403112,True
769,0.0,0.0,0.2940222426591752,0.28086817447918855,0.1368842541662126,True
770,0.0,0.0,0.5422346656603313,0.39018329600596124,0.5983492846163352,True
771,1.0,0.0,0.7491911486948262,0.386088583420842,0.28138070135157517,True
772,0.0,1.0,0.6089989469784937,0.2773462319507548,0.3550076647938735,True
774,1.0,1.0,0.7960855226502879,0.8236976456270738,0.8678604529078218,True
775,0.0,0.0,0.33032035698621093,0.1584439186651179,0.2343227173741391,True
777,0.0,0.0,0.06253814269213484,0.1509356364765399,0.0850597137290592,False
778,1.0,0.0,0.5298231650305387,0.46867857966676163,0.26195098359527896,True
780,1.0,1.0,0.8291322917731032,0.5164710401451859,0.4130693774082621,True
784,1.0,0.0,0.9530655658697356,0.5546360159544995,0.7591129185153903,False
785,1.0,0.0,0.8390322838141494,0.6954132328235123,0.5552972876114468,True
787,1.0,0.0,0.5339958247767395,0.22353216128132683,0.4633777986450082,True
788,1.0,0.0,0.39990425256041273,0.5936046907202486,0.5151344486969098,True
789,0.0,1.0,0.3795790234383793,0.338765729751135,0.5123362150704283,True
790,0.0,1.0,0.12194104985215386,0.29164458610637123,0.5617081189986555,True
791,0.0,1.0,0.3369135973958526,0.44767741608696765,0.5108798690339087,True
792,0.0,1.0,0.12556943075683358,0.522059522278766,0.7404028526166189,True
793,1.0,0.0,0.6947851383585839,0.18460317495010273,0.09386812696041442,True
794,0.0,0.0,0.7446914944752274,0.7379659124489111,0.691204017425384,True
795,1.0,0.0,0.336708961343684,0.11189920640228744,0.47752152893267696,True
796,0.0,0.0,0.31289685638091574,0.43172117299993473,0.31257040462908325,True
797,0.0,0.0,0.17647721542113998,0.0896681339140358,0.5722580874414956,True
799,0.0,0.0,0.1594593829705451,0.18801479567255863,0.6066300404045246,True
800,1.0,0.0,0.7075326520348935,0.6321323884784643,0.5096294171254486,True
801,1.0,1.0,0.9376102665852489,0.7826424010361842,0.9045107910557303,False
802,0.0,1.0,0.35272345460865373,0.8810635649228264,0.7008075660805196,True
803,1.0,0.0,0.6324880792235114,0.6279887767038971,0.20586995076436795,True
804,1.0,0.0,0.20189396415402924,0.2624100582610592,0.3875781512327131,True
805,1.0,1.0,0.8554305285087282,0.7185871318203639,0.7480306194237814,True
806,0.0,0.0,0.029511575766642886,0.03743216569842395,0.052677642482713574,False
807,1.0,1.0,0.9603795684623572,0.9023353756103302,0.8518758806568212,False
808,0.0,0.0,0.1921873325471137,0.4615968409726771,0.4558967540036192,True
809,1.0,1.0,0.897893217537962,0.8580866237194482,0.8821248442756439,True
810,1.0,1.0,0.876606924627071,0.7858763348393407,0.5897868083664751,True
811,0.0,1.0,0.5856890525261497,0.17298440744978616,0.21880582338308857,True
812,1.0,0.0,0.5579539610387432,0.04834876692882879,0.3637858862146287,True
813,1.0,1.0,0.7900518864072061,0.8666157745126603,0.7626903000539459,True
814,0.0,0.0,0.22210642244328332,0.22988597024332405,0.144944536807781,True
815,0.0,0.0,0.5518681818500082,0.27532284131343093,0.3834551370541905,True
816,1.0,0.0,0.1460112523077069,0.5266269083897608,0.2541576161454636,True
817,0.0,1.0,0.594602543469085,0.6779610695930397,0.6451428598176351,True
818,1.0,1.0,0.21239418613524688,0.6657171219036015,0.3623505225882009,True
819,0.0,0.0,0.4250436853158775,0.24722089068897832,0.2563837086284081,True
820,0.0,1.0,0.26342645624806243,0.27774817419971987,0.4599963353248985,True
821,0.0,0.0,0.6418279486328767,0.40459884979853655,0.2492252904337507,True
823,1.0,1.0,0.841059411290763,0.8070643336856063,0.9136935413607317,True
824,0.0,1.0,0.09842701177077726,0.47688601211371356,0.37133005613103004,False
825,0.0,1.0,0.7035294419806284,0.7666668650629974,0.7415027769547237,True
826,1.0,0.0,0.461972793571455,0.053647281590599755,0.07066672257842065,True
828,0.0,0.0,0.043101137618277545,0.20722491272536903,0.12497627789648261,False
829,0.0,0.0,0.09081690584304626,0.03583582225181503,0.2984564812127622,False
830,1.0,0.0,0.6312972790221707,0.2481699909835363,0.5294560737859243,True
831,0.0,0.0,0.1603498788300677,0.03685078627649249,0.22065598857489613,True
832,0.0,1.0,0.3279501208552734,0.5797269026131502,0.6834382493110271,True
833,1.0,0.0,0.5867823278336278,0.7274381133250555,0.70554083245099,True
834,1.0,0.0,0.21374069783048,0.16269338193837504,0.019482798575573276,True
835,1.0,1.0,0.17890988780415476,0.39586492933062406,0.4745425765665887,True
836,1.0,1.0,0.8922436614264383,0.8676689655963787,0.7623240681635005,True
837,1.0,1.0,0.3196553653588254,0.5636517035837371,0.4594785457659321,True
838,1.0,1.0,0.8074754065972564,0.7291366048072667,0.5997129980190942,True
840,0.0,0.0,0.38110543543681863,0.2636251280459743,0.40041365247664173,True
842,1.0,0.0,0.8981678577802518,0.8323025399522745,0.21129506940022535,True
843,0.0,0.0,0.40587034717129633,0.37201390071470847,0.2598205534498541,True
844,0.0,0.0,0.2398855396030556,0.4848659212812974,0.5356002765783405,True
846,0.0,0.0,0.7778921039017557,0.1414140281635108,0.5479290752728496,True
847,1.0,0.0,0.8283344277306867,0.5362352466864232,0.5661267617703475,True
849,0.0,1.0,0.5511771377285756,0.45370269424718374,0.7014674403766384,True
850,1.0,1.0,0.919035161890961,0.8716722347491391,0.7849460058571271,False
851,0.0,0.0,0.022249470963860565,0.0671008147818731,0.17630498996867575,False
852,1.0,0.0,0.5860576912191227,0.5214940669103969,0.5849528469717459,True
853,0.0,0.0,0.15565650473494125,0.040124780229312505,0.1084989648786892,True
854,1.0,0.0,0.8269980814543917,0.34262161699140065,0.2124091722880291,True
855,0.0,0.0,0.7419144867163758,0.49902279870095284,0.18149209248915504,True
856,0.0,0.0,0.18452571593931894,0.18471900253703025,0.27917728375412804,True
857,0.0,0.0,0.31898747637326996,0.7307937637165481,0.5554108789348128,True
858,1.0,1.0,0.36985561263357447,0.601387738036462,0.7797903015174821,True
860,0.0,0.0,0.4467047017630314,0.24616084070372415,0.2063543267902403,True
861,0.0,0.0,0.49273684611413204,0.19504458858948664,0.10812243883910623,True
862,1.0,1.0,0.9098450552655387,0.6389675124006979,0.6595864406381977,False
863,0.0,0.0,0.05082165978508285,0.05131932935477921,0.11116686674058683,False
864,1.0,0.0,0.8936465816848675,0.9539967908542586,0.819280979819711,True
865,1.0,1.0,0.9672587563763478,0.9324697101890794,0.9601011566342238,False
866,0.0,0.0,0.17013767244329067,0.2931483129439532,0.7079559505055381,True
867,1.0,1.0,0.7670681763211282,0.5103737278753936,0.6774697594913551,True
869,0.0,0.0,0.48283770055737124,0.2328246205843939,0.4633843923426853,True
870,0.0,0.0,0.1575515698712048,0.017871675267635643,0.27744306578897376,True
871,0.0,0.0,0.6665774379288163,0.6214083045395942,0.6123560161203138,True
872,1.0,1.0,0.9277225916957269,0.8322865569240558,0.6996515514656688,False
873,1.0,1.0,0.4754257629870868,0.2803846197461812,0.42564174799237714,True
874,1.0,0.0,0.4855839861895669,0.2568771656943097,0.20626021057859067,True
876,0.0,0.0,0.053920790272504,0.2359618902154558,0.33636567011408164,False
877,0.0,0.0,0.5164143146565944,0.23469057218331735,0.1597297010955454,True
878,1.0,1.0,0.7896153010436668,0.8370207148594956,0.7250058999440416,True
879,0.0,0.0,0.46199205464947923,0.22091661359332465,0.3381156904716187,True
880,0.0,1.0,0.6806937192946348,0.8887087025937765,0.7818897630081164,True
881,0.0,0.0,0.41594656264849456,0.4025197859582525,0.34311424784781286,True
882,0.0,0.0,0.4549567140977623,0.44429886748473507,0.8043702826622956,True
883,1.0,1.0,0.8346645285943769,0.5771849479397357,0.6178952353134187,True
884,0.0,0.0,0.2934356046474446,0.43687610225403156,0.4343414826285277,True
885,1.0,0.0,0.6850553077731498,0.5669068624194139,0.49934842717210964,True
886,1.0,1.0,0.8023698740872233,0.6142596796755554,0.6557099285651116,True
887,1.0,1.0,0.5465295978940252,0.8360439734728703,0.6224870756798355,True
888,0.0,0.0,0.647828355712621,0.3496499799089257,0.7300151350940884,True
889,1.0,1.0,0.964708713378269,0.7962967630461435,0.7275645321957092,False
891,0.0,0.0,0.4734954321651647,0.2847597484339924,0.6359124339857353,True
894,1.0,1.0,0.8852013171277933,0.1980851533803129,0.2970489576130182,True
895,0.0,0.0,0.28958028567589916,0.25536099566876985,0.03682511885204277,True
896,0.0,1.0,0.4344812893725943,0.540821923905277,0.4333709932771692,True
897,1.0,1.0,0.8410234473922311,0.8930990878873913,0.8734686890801113,True
899,1.0,1.0,0.8061483938808588,0.37499960605165433,0.6108390275767488,True
900,1.0,1.0,0.5596203101864196,0.5490386455232303,0.4643046758675722,True
901,1.0,0.0,0.9068637259913463,0.5205429325339868,0.6849008375380193,False
902,1.0,1.0,0.514470518409465,0.3814240576295431,0.47142649963381017,True
903,1.0,0.0,0.36474252959498676,0.1525031467497735,0.452711082764352,True
904,0.0,0.0,0.3899233948575541,0.11011755681654825,0.24279261805688818,True
905,0.0,0.0,0.2133276091911232,0.20972311548094777,0.15680304155361258,True
906,1.0,0.0,0.6600531892294035,0.44743217559797216,0.5225070544148988,True
907,0.0,1.0,0.1619213501419516,0.6063435328932436,0.312594608971593,True
909,0.0,1.0,0.603242573392354,0.4234752068388904,0.40822172377668525,True
910,0.0,1.0,0.21589927222904937,0.3335272412118903,0.39981493503952886,True
911,0.0,0.0,0.2705937356710484,0.42953468435595604,0.6690667609852202,True
912,1.0,0.0,0.6207236735393902,0.05889271639586975,0.3839830698769889,True
914,0.0,0.0,0.8861820141839127,0.8497451063122536,0.7271273311582642,True
916,1.0,1.0,0.6674225999797843,0.5751473022573981,0.6150043821893431,True
918,0.0,0.0,0.169615268332189,0.27889825726766765,0.5051136856545991,True
919,0.0,0.0,0.2849220106610831,0.2105158858084766,0.3222329469392995,True
920,1.0,0.0,0.3433241079873712,0.21554616351158787,0.043037598516914036,True
921,1.0,1.0,0.2945372374532915,0.3006339097272592,0.2805985767382481,True
922,0.0,1.0,0.3883484981326465,0.46610249405478543,0.42097179826332326,True
923,1.0,1.0,0.8346155196370589,0.8888685020116583,0.6827128004922329,True
925,1.0,1.0,0.777403634546418,0.698153453744535,0.7603918156159221,True
926,0.0,1.0,0.2611851525919322,0.4218838336666324,0.1459799397984667,True
927,0.0,0.0,0.36599849235201687,0.23946930853962559,0.16410612564851765,True
928,1.0,0.0,0.9650186231885238,0.8129917686053468,0.8090003082315339,False
930,0.0,0.0,0.3144226229045729,0.5877954298475132,0.7491265507500181,True
931,0.0,0.0,0.04220761222727235,0.4576786721072981,0.24602764054724774,False
932,1.0,0.0,0.22849381280522904,0.12093982271436765,0.272838186346945,True
933,0.0,0.0,0.1251873306442406,0.3977276938694148,0.14730476439055476,True
935,0.0,0.0,0.6145939061052156,0.472661776262365,0.34247609320385175,True
936,1.0,0.0,0.2114679389501171,0.22927004656797925,0.2411378848137901,True
937,1.0,0.0,0.8449488454184333,0.1917435518396941,0.27058318085869315,True
938,0.0,0.0,0.4068249406899568,0.25219663023962813,0.567201425255783,True
939,1.0,1.0,0.9864205219672416,0.9550671087986573,0.8911180495615273,False
940,1.0,0.0,0.486063140890632,0.0983431291209836,0.24911618467879526,True
941,0.0,1.0,0.13851109849338977,0.414109669770263,0.32257204317293864,True
942,1.0,1.0,0.9285505306900773,0.507031783226026,0.2873366901733901,False
943,0.0,0.0,0.22035522945115593,0.34762646694599736,0.4223086811932237,True
944,0.0,1.0,0.22300151518555567,0.42625161706685255,0.7813990086921843,True
945,1.0,0.0,0.4860892625158344,0.3889566324887031,0.33584707092837845,True
946,1.0,0.0,0.14759678860348144,0.20758449864009923,0.3639708250379771,True
947,1.0,0.0,0.8372363463761462,0.6660396964553481,0.4363177354125287,True
948,0.0,0.0,0.148546042629659,0.06898343811854435,0.04376233888190502,True
949,1.0,0.0,0.5047567361537287,0.34836739106085496,0.20816669341788996,True
950,1.0,0.0,0.48137039113512314,0.25153240054806936,0.49731988702576563,True
951,0.0,0.0,0.5429855208909836,0.8690617089309186,0.7984353959665034,True
952,0.0,0.0,0.23228511965258608,0.08297275230752396,0.4414530928583674,True
953,0.0,0.0,0.49837354125523486,0.25287800796653875,0.28765142194049603,True
954,1.0,0.0,0.4784317921068454,0.5645088377083864,0.4603586929357516,True
956,1.0,0.0,0.5544964375785907,0.1494800648067169,0.3170433004361794,True
957,0.0,0.0,0.8499810034300129,0.7475304023682566,0.7792948513991849,True
958,0.0,0.0,0.45311282984682827,0.18437802294256989,0.2895018154769976,True
959,0.0,0.0,0.01901495430746402,0.025898550540475334,0.07055030814653997,False
962,1.0,0.0,0.9153224711046803,0.8962081853264741,0.7148673338654868,False
963,0.0,1.0,0.6746480528995128,0.773827488988446,0.6499216089670948,True
964,1.0,1.0,0.9108283139119611,0.42926440408650146,0.6236942563912039,False
965,1.0,1.0,0.8705825934257007,0.8693197956836054,0.8297486266112186,True
966,0.0,0.0,0.12206965594093719,0.1552073359585017,0.6123642858219039,True
968,0.0,0.0,0.16130115226586353,0.43494387759041925,0.5922404800781421,True
969,0.0,1.0,0.4059422086204767,0.18952358985758505,0.18362235331439852,True
970,0.0,0.0,0.5904765384015811,0.756986556532948,0.8564656454726305,True
971,0.0,1.0,0.5569885505890536,0.2491448718334196,0.12108427942900657,True
972,1.0,0.0,0.3001735622148095,0.20841822239211802,0.4904037059407808,True
973,1.0,0.0,0.5773932835534722,0.18353075364020519,0.40210269498690915,True
974,0.0,1.0,0.6424651453972201,0.5244359774453277,0.260048944588327,True
975,0.0,0.0,0.11720626049112016,0.16749019093220135,0.7416174618158776,True
978,1.0,1.0,0.8295728800253209,0.7862604937068028,0.8479041737497481,True
979,0.0,0.0,0.1615611688817563,0.24170533537705738,0.15448202254221022,True
981,0.0,1.0,0.8587243341724147,0.6835288674575535,0.9347259860838164,True
982,1.0,0.0,0.14018728289090163,0.072792519884297,0.05180781409887382,True
983,1.0,1.0,0.9153400558507752,0.6622973636809346,0.7345216491552181,False
984,1.0,0.0,0.8544914048511965,0.7589502411367356,0.2947546016561515,True
985,1.0,0.0,0.6561902237030388,0.4820119972536486,0.6301407206618921,True
988,0.0,1.0,0.5770788847692462,0.4301969095223801,0.4693669522136577,True
990,1.0,0.0,0.6896410358611816,0.45400888195588346,0.48618081243329636,True
991,1.0,1.0,0.7413716618851856,0.5973490519609875,0.49258307110111854,True
992,1.0,1.0,0.36552204653650916,0.5795617072408835,0.7440378657640623,True
993,1.0,0.0,0.8302012936487627,0.7602785122970741,0.8020888864568139,True
994,1.0,0.0,0.8599247789627155,0.6046835374705031,0.8928590421346018,True
995,0.0,1.0,0.8705667604384771,0.8323578317374848,0.8739634954340914,True
996,0.0,0.0,0.18919161218164451,0.3091380887368845,0.12747434306559247,True
997,1.0,1.0,0.3528647203429204,0.6297654819300386,0.606277633766028,True
998,0.0,1.0,0.7141471038287039,0.725427193225912,0.7909567346388408,True
999,0.0,1.0,0.029650512906480835,0.07959201424548001,0.08718066413147327,False
