packet_id,all_evidence_from_inner_training,at,candidates,condition,excerpts,inner_fold,input_sha256,packet_sha256,prompt_chars,query,response_sha256,summary
inner_001_query_000_original,True,2026-09-22T14:53:47.171984+00:00,2,original,24,1,8584f4a1fb787c8174e4cae6c02fd3e818d989fc2b76085dcb6a758a3226f664,78ca6fd15ec3ed0da4ac307fb9f04ec97021e71dd01c5add34b510f0b82cab5d,51700,0,d9d473b9ef3dc7ed08096cd87ccf29f45c9d9144a34020d9a4570ea8048182cc,"The evidence identifies baseline genomic alterations and immunohistochemical markers in patients with lung adenocarcinoma, specifically highlighting the presence of STK11 loss and PD-L1 expression levels as factors that may influence the tumor microenvironment and therapeutic response."
inner_001_query_000_random,True,2026-09-22T14:54:58.978963+00:00,2,random,14,1,e1110b2d6be1c54edf5c3043438741dcccc5c52ae9b9c1e1391529a4ec3b14ad,9b866ac16f576228f6a2018e0e86912cf95814adc02be17b704eba0c8b62a121,27360,0,c2392571afd9966bf9ec4bdd992dcb7a09aa2473b48ff89d820e1c66f9713dc7,"The evidence identifies baseline clinical variables used in the assessment of non-small cell lung cancer (NSCLC) patients, specifically focusing on tumor proliferative markers and functional status."
inner_001_query_000_targeted,True,2026-09-22T14:52:58.459701+00:00,2,targeted,14,1,a7a2ce36a9d33655d945fa5b911827663b730469276de9766fa4f337d18037ed,34f77c0bc2a70c3d0e3d17787a3ac74d505b58c56e85e0bb0c3498efd998fcc7,29288,0,25128ae6ba1275571baa3f36df7071be8738e99c35e5c66bbb628ac9fee20586,"The evidence identifies distinct baseline histopathological and proliferative characteristics in patients with non-small cell lung cancer (NSCLC), specifically distinguishing between squamous cell carcinoma and adenocarcinoma via immunohistochemistry (IHC) and quantifying tumor proliferation via the Ki-67 labeling index."
inner_001_query_001_original,True,2026-09-22T14:53:58.089617+00:00,2,original,24,1,1382b2c2a5c336eae2b766ca964265e5b08e98a858fec08c16172ac888af73b6,3db47da0d7c5d68c48867baa1c1b772ce0d235df313f9ff06229cf74f76df5eb,52057,1,b12e3dfed203496ea7fde1353341fd851cee65d36fb279e3ad7e7b8d98fe68ed,The provided evidence supports the identification of primary tumor size and histological subtype as measurable baseline clinical variables in patients with stage IV non-small cell lung cancer (NSCLC).
inner_001_query_001_random,True,2026-09-22T14:57:23.270136+00:00,2,random,17,1,b9aceb7b2d5cb9b7fe1beb7ffaac671629c87ad9eca5636658b43e73162c353a,49112c0424a3e63d2e7559592232ff2e6a42f962ec8738a657cac65ab16d22b6,37087,1,53f9956f777a64e39b577c912529bffb9f8bf8de73b5847747f91c29e097c0bf,"The provided evidence supports the identification of baseline patient characteristics in non-small cell lung cancer (NSCLC) cases, specifically regarding functional status (ECOG performance status) and the presence of intracranial metastatic disease."
inner_001_query_001_targeted,True,2026-09-22T14:56:17.976373+00:00,2,targeted,15,1,9a3c52fcc730a90cd8dad5480a8efaa51215a79f69de73e180d5218dd8426aab,50548e64043ea0388694f34e4fd709b79cdf05dc97b6f66250cf2e6ab39be38a,29867,1,1c95b80f8e16161fe54751a6409aca378254979ff7ccdb10423c43d2234142aa,"The evidence identifies distinct clinical characteristics across the patient cohort, specifically focusing on genomic drivers (KRAS G12C mutation status) and the histological classification of the primary lung cancer (Adenocarcinoma vs. Squamous Cell Carcinoma)."
inner_001_query_002_original,True,2026-09-22T14:54:43.797708+00:00,2,original,24,1,36c95453c19c4f96dd1ff13b21959230b4c7d3056d7efffad49fa3389423d513,7a62cf0e9115cd35f5ef21f4ae3cd10d95f06785ee95f24f1b9c1917cf962a84,50558,2,d53971a2585ef8e4b70855c265d677ca9f50aa64d6b106a2bfea3d45d1cb3055,"The evidence identifies key imaging features in patients with recurrent or progressive non-small cell lung cancer (NSCLC), specifically highlighting the metabolic activity of pulmonary nodules and the presence of skeletal metastases as primary clinical distinctions."
inner_001_query_002_random,True,2026-09-22T14:57:11.751988+00:00,2,random,14,1,02253b7751e72d203bb8897d0205f1f15060c915d9d97fc8d3f23d719a25ba57,269f07cb58538f78736fc2dc30076da99b4664fdc2321fb5298d536828402666,30437,2,4bc088d2c9f8328f44385b2ffffb358484116fa017c9de6f9833d9bea7f9e5a3,"The evidence provides measurable baseline clinical variables for patients with non-small cell lung cancer (NSCLC), specifically focusing on pulmonary tumor dimensions and baseline hematologic markers."
inner_001_query_002_targeted,True,2026-09-22T14:56:49.058282+00:00,2,targeted,13,1,b0dde394953dc9355f8d37aef4463d163bb0e162ea5ff9d88c2d7d9d836a635f,971cedcd3120cac3ccb938a70349b4529c45a0d056951b16a573048da2e908bb,25808,2,10ae92ec7c5ceea1222215225b16cf717aaa0f16c367446e857125e9302be788,"The provided evidence identifies several baseline clinical variables associated with stage IV non-small cell lung cancer (NSCLC), including functional status (ECOG), biomarker expression (PD-L1), and primary tumor dimensions."
inner_001_query_003_original,True,2026-09-22T14:56:56.364700+00:00,2,original,24,1,7b7761f912934ae3c94d1b3704c7cfcb36d7ecaa89d1b1502a54e87dec93831c,9559db8fad71fbe4d6c81121819cdbd169e54035207b44b9ec8ab456f75fee36,51545,3,6681fdb055fdf0cb0c5d67308450f1d6373b85f199d33b87112e3619cfd979c8,"The evidence identifies several measurable baseline clinical variables used to characterize patients with non-small cell lung cancer (NSCLC), including functional status (ECOG) and molecular markers (EGFR status)."
inner_001_query_003_random,True,2026-09-22T14:58:11.028800+00:00,2,random,14,1,072dc25854194c91a9614007ff86f47c8cb16567a22d39e973aa7659a478acf3,8512799079d99b0b5261b7ce308ef517b164574c92668442725f62830cd24fbd,27830,3,1f984f71242916330256c596cc4890fd1d759e015102f3485855675bf2b296bb,"The evidence identifies baseline clinical variables related to non-small cell lung cancer (NSCLC) pathology, specifically histological subtypes (adenocarcinoma vs. squamous cell carcinoma) and molecular characteristics such as Tumor Mutational Burden (TMB)."
inner_001_query_003_targeted,True,2026-09-22T15:00:42.782865+00:00,2,targeted,13,1,4ba1f8bfc0484abf230dcdb52112762d207adf600d9b7a77e479706147cf3a3c,240b65650c68578bf4daefa92d7827c6ea306caebd6025e1b23a82f9fa7b337b,25364,3,d7ad4d23826a23b0558b7ab98121be41a35988e7be84501fa8c6de05a65a9af6,The evidence identifies performance status and renal function as baseline clinical variables used in the assessment of patients with non-small cell lung cancer (NSCLC) prior to systemic therapy.
inner_001_query_004_original,True,2026-09-22T14:57:25.076163+00:00,0,original,18,1,20cbf7196957e9e662555ae0f702a301dbcd9e7e7e3a7a0ebafa18770217c46c,29533df5ce3619e10837c9797b8b105eb29c6083bea8fd05e8400fd6c06023ef,22794,4,124894083a249bae06df746da1e22a7e3adef2bbb64020271440d0055fbfc179,"The provided retrieval evidence contains no usable clinical text, consisting entirely of empty strings or non-textual characters. Consequently, no baseline clinical variables could be identified."
inner_001_query_004_random,True,2026-09-22T14:59:16.432180+00:00,2,random,18,1,771cddae8609ef884ebc13ec71dcad88a6cef78b934a7754da191d6a6fd97c72,8b0518aa29e4b5f3b404c993749cc34c9334362812381eb6fb968c56c59669dd,37276,4,9366059722c9eaa67cc914a93ad3adb7cd660be30d72e814add52a9a1f6d0f24,"The provided evidence suggests that genomic alterations, specifically CDKN2A homozygous deletion, and baseline functional status, measured by the ECOG performance scale, are consistent clinical features across the patient cohort."
inner_001_query_004_targeted,True,2026-09-22T14:59:53.690129+00:00,2,targeted,15,1,16bdfdc071e9710db985d9554b2e8a6cdbc317108423eb2b21ff7dcf0ec1fb5f,3e11a1280b21b407005090811655a11c0859dd67a83bfa8dc76526c82c64cb3a,30802,4,4e2ac84acb9d3542b732144ee580f0d63470247708ca53fec71d671f0648aff4,The evidence distinguishes between two primary genomic driver profiles in non-small cell lung carcinoma (NSCLC) adenocarcinomas: those harboring the KRAS G12C mutation (often associated with STK11 or CDKN2A loss) and those harboring EGFR exon 19 deletions (often associated with MET amplification). TP53 R273C is a common co-mutation across both groups.
inner_002_query_000_original,True,2026-09-22T15:04:53.522620+00:00,2,original,24,2,d64a83f00c159d7d365a343d7271d4e0e96b9bec4ceeda7c3eabf50ce561bc2b,56936e130b49f984e3ccd390282fbc75578c5674b3697ca45232b65bfd9b98e4,50280,0,9c34fa726234fa5783ebff053d8377f3b428ebb76c22a9a5148685966171a107,"The evidence identifies a consistent genomic profile for squamous non-small cell lung cancer (NSCLC) characterized by KRAS G12C and TP53 R273C mutations. However, variation in STK11 status and PD-L1 expression levels is highlighted as potentially modifying the efficacy of immune checkpoint inhibitors."
inner_002_query_000_random,True,2026-09-22T15:01:16.551076+00:00,2,random,14,2,c51d04bf02cef1a981ae24d12f49f99a869d42ac892dd9b9d80e6f7fd6878a8d,e80c2c6ef9edff58c04cefd3ce017dc10d396aca8adcb8241a1d2635bdee78e8,27794,0,0adce95214a963f5baebf06af9d4eff61816fafa27d367273568a8bbe9adf413,"The provided evidence contains genomic profiling results from multiple patients with non-small cell lung cancer (NSCLC), highlighting recurrent alterations in CDKN2A and KRAS, particularly in squamous cell carcinoma and adenocarcinoma histologies."
inner_002_query_000_targeted,True,2026-09-22T15:03:18.172621+00:00,2,targeted,12,2,505b7b398991b1c56c6ece1481dddc540aefa3e07db01a3b53b49880853a7937,27d27a7af856beceecd10c7850cc2da569826e058252987f53262aa24abc820e,21410,0,65c721a12611c19b8a033180fc35730ebe8b41db809c08d6dbeb00de08720a63,"The provided evidence suggests that specific genomic alterations in non-small cell lung cancer (NSCLC), particularly CDKN2A homozygous loss and TP53 p.R273C mutations, are associated with more aggressive disease biology, poorer prognosis, and potential sensitivity to targeted therapies such as CDK4/6 inhibitors."
inner_002_query_001_original,True,2026-09-22T15:03:17.320840+00:00,2,original,24,2,be6ecaf6f29a3843a1f30aac61ecbd81c14273af1baa859986a5793813809e9c,0181fc7ff15cb03794eb2d8de2c732e8f122f72b9b39c2cfd56f8170a5cc1208,51916,1,a233e6e0a5e99faa9fdc39bfe69155841c667861cc1ce948ab51399787309ef3,The evidence identifies baseline clinical characteristics including functional status (ECOG performance status) and smoking history across a cohort of patients undergoing post-surgical surveillance for lung adenocarcinoma and large-cell carcinoma.
inner_002_query_001_random,True,2026-09-22T15:02:12.193782+00:00,2,random,12,2,f6629e5df8e868f943a970d278e76bb6935138b1841bb28b15152f225ba87c30,fa70597864e1cd9960bff9dd7729834caa4a3f5479faf218ee159ec5fb84109c,21526,1,3e761c97672497a41636c6004c485ea672f42d5be19bfcd532e4c31d7581bc4d,"The evidence describes patients with non-small cell lung cancer (NSCLC) adenocarcinoma following right upper lobectomy and adjuvant chemotherapy. Key baseline clinical distinctions include the presence of EGFR mutations, functional status via ECOG performance score, and renal function measured by eGFR."
inner_002_query_001_targeted,True,2026-09-22T15:03:35.761116+00:00,2,targeted,12,2,88d1b68171a2707ba61a5749d9769768edc4cde271e627044f9cc0bc7a88b45b,4c448cd3caa8b2a7b9833721e1fe464d80f9de662868ed1693bdf58e7bf99079,21748,1,c1f0dbc8cf0eb3b2364c8880e15c553a4a9187c8051e455862d1da73efcff8eb,"The provided clinical excerpts for patients with resected non-small cell lung adenocarcinoma (NSCLC) indicate distinctions in molecular driver status (specifically EGFR mutations) and functional baseline status (ECOG performance status), which are standard predictors for targeted therapy eligibility and general prognosis."
inner_002_query_002_original,True,2026-09-22T15:06:08.535789+00:00,2,original,24,2,84526d6bc49408eecfa595059a9ed1227c4b620edf4ed893f88e8181bd36a050,d6d6a09b8ee5ebc95776fc0d9d0de291167dc8f2b702b773c3ac5fd35e1e3162,52065,2,ce0c5814290483c37fc9199efaece7371fe314aa3f402ce5b5072d6c5f9be27a,"The provided pathology and radiology reports for lung adenocarcinoma patients identify several measurable baseline variables, most notably PD-L1 expression levels and EGFR mutation status, which are standard predictors of therapeutic response in non-small cell lung cancer."
inner_002_query_002_random,True,2026-09-22T15:12:00.115621+00:00,2,random,11,2,5bc710a6d572dd01450d8a89bf4c85363aa7d21c8a914c277d9b5c8830e63cfe,31c9b18c25f9d054edbed7a278d62ba2a4610c907f10c5828071f86af181fbe9,21490,2,acc5ca55d66b6f4fb06dbb4501f882e4df8c0fb5294bf835355013a0b808f10f,"The evidence identifies distinct histological subtypes of non-small cell lung cancer (NSCLC), specifically squamous cell carcinoma and adenocarcinoma, and provides quantitative measurements of PD-L1 expression (TPS)."
inner_002_query_002_targeted,True,2026-09-22T15:06:08.147056+00:00,2,targeted,11,2,d7d5f1afa2739f441b08195be827665fd8bd21478f8fe5221818d1b0c660829b,c28af29c9b5a5797cea6c0a4dbb0b4ef43618f0e2822940ab429e55a8d97f0fc,19581,2,379fae9da33fd6c6aead8e8b7fdba2bb807ac3827be2526d8ede4c633d83e1a7,"The evidence suggests several baseline clinical variables that may influence treatment selection or response in non-small cell lung cancer (NSCLC), including renal function (CrCl), tumor histology (squamous vs. adenocarcinoma), and PD-L1 expression levels."
inner_002_query_003_original,True,2026-09-22T15:05:57.695378+00:00,2,original,24,2,b47670f6b9dca24caf4ee90e9e4ee746a99766c995064f27e11a9d9ab35fdf1e,a00e5985d635d47d251a13c8683d292aa8017c54019fe934f5f86ebd29f07d97,52927,3,e59ac504a5f18a9c653f09168f5fa304110c9710287c74cbfd66d918042a7165,"The retrieval evidence identifies molecular profiling characteristics in patients with non-small cell lung adenocarcinoma (NSCLC), specifically focusing on KRAS G12C mutation status and PD-L1 expression levels as key baseline clinical variables."
inner_002_query_003_random,True,2026-09-22T15:07:22.645093+00:00,2,random,11,2,4036383eac34800e8616c96ddb5710c966e9eabee4c4b10a27f91c04c1d8863a,5387b14f029c19ba33b14ccad0b75ada09b46de504ccc2ba0977f0d109a14905,19523,3,7f219071e13b032c613531713752e1b28697dac35b066508d310e7c7e9f0498b,"The provided evidence contains baseline clinical data for patients with non-small cell lung cancer (NSCLC), specifically identifying histological subtypes (squamous cell carcinoma vs. adenocarcinoma) and baseline hematological markers such as hemoglobin levels."
inner_002_query_003_targeted,True,2026-09-22T15:07:58.218779+00:00,2,targeted,12,2,dab797ac2429fc4464cdad2c9e55b3d39caa4c65b6cf92a62a7547794a290878,d3d47ed46d47b7db8331c19d789115c9fd5cd5975a3815d6086ec654eec1269a,18389,3,4d6c40f1bdfdc4916d630deba2ec2737f99d2981be227ba54b7050fa88d0b04b,The evidence identifies baseline variables related to patient functional status (ECOG performance status) and specific genomic alterations (STK11 status) in patients with non-small cell lung adenocarcinoma.
inner_002_query_004_original,True,2026-09-22T15:06:16.586141+00:00,0,original,18,2,c3d62843bb9c28a92a63415debde78659d6f56f9342a22ff4a6c06b2db2762f6,a7b0efe28b0caab546975a616cd52c868d5355112ce11ebf175251bf224e06b4,22826,4,fd1bf72e635f12bebbb61ab70a99034a8cabf122a6ed703562bbef745833afd7,"The provided evidence contains no clinical text or usable information, consisting entirely of non-semantic control characters or empty strings."
inner_002_query_004_random,True,2026-09-22T15:10:18.144384+00:00,2,random,12,2,0bc5ce2435613615ef211718bfa319cc0f6c709ecdaa6cd891005ae7ae9fa70b,11cbd85a880e4d03e920ac208824f98eccf5dba2cbb7c9469f7b2ac856bdf651,17523,4,65f9d242e4b7739065fd206233493e7464ff9fe31d235321c533f1007cb63e31,"The provided evidence identifies baseline molecular markers and functional status indicators in patients with stage IV non-small cell lung cancer (NSCLC), specifically noting PD-L1 expression levels and ECOG performance status."
inner_002_query_004_targeted,True,2026-09-22T15:12:04.435453+00:00,2,targeted,11,2,cff6616a0f14fe0a2e48a7ba1e196720621767ff371596d146da2b6ae70f0b29,dc7c983e2eb2b321a7fa21f69cb2521a356670a06c7e43f162447822300cd1cc,15928,4,8d76a2dfc06a88cd9ed69f1195a82b64e02263e40c479a7b3b0c19c9ae8f43a4,"The evidence identifies several baseline molecular and clinical variables in patients with advanced non-small cell lung cancer (NSCLC), including PD-L1 expression levels, MET gene amplification status, and ECOG performance status."
inner_003_query_000_original,True,2026-09-22T15:13:28.229517+00:00,2,original,24,3,16fb391a50edbb8d0a3da49ea649eac6c225798d9a03f4d7d190069502df3102,647b87ee2baa8683c3d4ca09701dffe34254cbb3e637c9cb8d7e0a11092861f2,49892,0,0c174765c060f61f85c53261a10410f36def21c84dbb0b9b9380d72a7ae02006,"The evidence describes genomic profiling of patients with non-small cell lung cancer (NSCLC), predominantly harboring KRAS G12C mutations. Multiple reports explicitly hypothesize that STK11 loss and Tumor Mutational Burden (TMB) may modulate the efficacy of immunotherapy (immune checkpoint blockade)."
inner_003_query_000_random,True,2026-09-22T15:12:37.392755+00:00,2,random,11,3,bcb6b22589e59343873edb7aef596c16c6fc155948cf83c13f4b1acdcb2a30e8,39f0cd8bf63e433b08f560ede80ebdb935f44102ecc27a8e6dbd88bdf6452a9e,19653,0,336a563195b2a1f973653debf47a49000085d17fa983406a63500442ee69e0be,"The evidence identifies specific genomic tumor-suppressor losses (CDKN2A and STK11) in non-small cell lung cancer (NSCLC) patients, which are noted in genomic reports as being associated with more aggressive disease or resistance to specific immunotherapies."
inner_003_query_000_targeted,True,2026-09-22T15:12:42.262185+00:00,2,targeted,18,3,d43fb425df5b205ae1744f34dd6fcec53b45df86799e967956a60180dcd40d4e,02f1b428ee5f81b411666d43d6a3208d5cbaf34a369677d029596d5d37467ca8,35329,0,12fd54c01882ea1db1d6c56804b4ff9bc2d6601267b864d0f1cd1c1cf3ba8515,"The evidence identifies several co-occurring genomic alterations in patients with EGFR exon 19-deleted lung adenocarcinoma, specifically noting that TP53 mutations and MET amplification are associated with attenuated response durability or resistance to EGFR-TKI therapy."
inner_003_query_001_original,True,2026-09-22T15:16:45.420669+00:00,2,original,24,3,d87ea346298a492465ed1f7418ef6c7bb6fbf13c427628a74e511b5dd95dba3b,dfccbc907c5386791b3650d119107fc41e9b402fe8c21e1e2ca0b29c8c15a61c,46938,1,2cb670f9a007ca39b5ba0819f31a9e26d04023d4df559639967d0b4b35fb15f2,"The evidence describes baseline clinical characteristics of patients with non-small cell lung cancer (NSCLC), specifically documenting functional status (ECOG), smoking history, and common comorbidities such as hypertension and hyperlipidemia."
inner_003_query_001_random,True,2026-09-22T15:14:11.804021+00:00,2,random,12,3,574d3c6e91cb92de9355552da70fd45622bcb6fddeb2aa6e12b3cebdee86a1de,06ec83934085316c08692626d189ba016d2216d93884fed4b4dc6de98a4d367a,22306,1,d9dc135d71e265d1fcb3f853f309e9f9de8ecad02469e96fd2a701b8205b2a7f,"The provided evidence identifies several baseline clinical characteristics in patients with non-small cell lung cancer (NSCLC), most notably specific genomic drivers (KRAS G12C), cumulative tobacco exposure (pack-years), and functional status (ECOG)."
inner_003_query_001_targeted,True,2026-09-22T15:15:09.326220+00:00,2,targeted,17,3,2e4c7a58eeabe3f9445e63f0b4226d2f3368dcaa8ef7b9e84aefc88f663a1d8c,c5285ec17a30f122465594c56b0c0cb90dfe1a4c0d9a547c9d00be39b394f4c6,32157,1,e73a714ae991ed86b104316ffb82a42fba9041a0f98aa756ccd0ef035d48a015,"The provided evidence identifies variations in baseline functional status and smoking history among patients with non-small cell lung cancer (NSCLC), spanning different histological types (adenocarcinoma and squamous cell carcinoma) and disease stages (Stage IIA to Stage IV)."
inner_003_query_002_original,True,2026-09-22T15:15:42.060122+00:00,2,original,24,3,d372deefb9528f19e4ec60844745b4fea7becd2b3e9406bfac864e37df776481,0a06e1aeaae6f650774f330464937da31ad8296800c11a33eba1b9a3cdef7b6c,51315,2,5e785ea9a7a581c824db366cfaaf6381fe3562687cd09315bf189c416d6863b3,"The provided evidence suggests that baseline ECOG performance status and renal function (measured by creatinine clearance) are key clinical variables used to determine the appropriateness of specific systemic therapy regimens, particularly in deciding between platinum-based and non-platinum chemotherapy for patients with NSCLC."
inner_003_query_002_random,True,2026-09-22T15:15:30.724358+00:00,2,random,16,3,0c94cf0e6354191bbce5e10f3b4c26f833e3c2dfe83d63501f45462f4ff8a70f,3ef8207b0029e78bf74544ab7a39c47e5035e3a4faf8ebc5ccd427c037d848e2,32012,2,10b046e5a46796975d17fd3c3c66995c73ebae303bd60475be3c9ae130814395,The evidence supports the identification of baseline functional status and tobacco exposure history as measurable clinical variables associated with the patients described in the retrieval set.
inner_003_query_002_targeted,True,2026-09-22T15:18:20.276500+00:00,2,targeted,16,3,0395f656929d7642631cc12122d34a33d8c5a12a6fac65db4790a2091ba6a667,8c0db6c3b2e87a40e67f8b5e622b8a775025c779fc49f0cb0b703bd59e4ba1a0,30213,2,fe2d3318c046b50ed558383d100fdf14d51b96541e9fd07244d80513148b84ed,The provided clinical evidence identifies functional status (ECOG Performance Status) and tobacco exposure history as measurable baseline clinical variables for patients with EGFR-mutated non-small cell lung cancer (NSCLC).
inner_003_query_003_original,True,2026-09-22T15:16:25.505455+00:00,2,original,24,3,a75f274429c4c85a5cbc4c595ccb280960b2dd9a99dc129e2ee6035ce54b36df,f1dfb584f6b7788d1a8ec1e83a4e904f41c694820281cbab985418d0d11f9205,51632,3,3b6c63f93046e48aadd537929f9355db40e560a473449c3507fb29fdd9468dc3,"The provided evidence describes baseline clinical characteristics of patients with lung adenocarcinoma, supporting the extraction of molecular driver status (EGFR exon-19 deletion) and functional status (ECOG performance status) as measurable variables."
inner_003_query_003_random,True,2026-09-22T15:18:26.228920+00:00,2,random,16,3,58ecef637fcb836bf55b5afb8b89e2ed0675694d2ef02c37169975640130ca15,404427a0faa38114a9c1b1966cd77923a2a6db6c4521219db431619436d601b4,32031,3,8c49e629334e025bbb2452a989e88d6a93d60cfb45416a621bbec59bfc7d4c74,"The provided evidence supports the identification of baseline genomic and histological markers in non-small cell lung cancer (NSCLC), specifically EGFR mutation status and tumor histology, which are consistently documented across the patient cases."
inner_003_query_003_targeted,True,2026-09-22T15:20:18.452271+00:00,2,targeted,22,3,0c71898d824bba4ba43f78ba1fbe9363dbc3e1a919961376c36c9ca7d41bc085,d43274f8d9eaa3535bc3895df5aedb5dc1d2aa98c1bb6ed04a59212b2884bebf,45959,3,cb6d41f96e2b11297a4217c38bfe2580fcdb4110eabed22610115223033d64b6,The evidence supports the use of baseline functional status (ECOG performance status) and renal function (Creatinine Clearance) as measurable clinical variables in this cohort of NSCLC patients.
inner_003_query_004_original,True,2026-09-22T15:19:38.445901+00:00,2,original,24,3,503fd7477a2d5c015921b4c62fea5784577082e952735a6ca22d6531f69862c0,cac7acf4a3d631299657f2b41e5a61554bfa9f2917db283b68fba615ded6b0ca,52511,4,7e8ed144fb7536aab383d07cfbf635bd269ed8df5137457e585db64fcb959d08,"The evidence identifies several baseline histopathological and molecular markers in patients with pulmonary adenocarcinoma. Key recurring variables include the Ki-67 proliferation index, PD-L1 expression (Tumor Proportion Score), Tumor Mutational Burden (TMB), and specific genetic alterations such as KRAS G12C mutations and STK11 loss, the latter of which is explicitly noted as potentially modifying the response to immunotherapy."
inner_003_query_004_random,True,2026-09-22T15:20:50.604407+00:00,2,random,12,3,97aa5120631fc31f749e13180dfdf00bccea46daf45b6bae9d83580747bde08b,7390c1957ade90b74dee45a0c7f7ef92ee4da611b2cde9fabd87d7bbca77093e,22517,4,6ffd1cce742b2aa1b6066286c37f43c5d7f220c9656d4f44baf65ed8f2550f17,"The provided evidence identifies measurable baseline variables in patients with non-small cell lung cancer (NSCLC), specifically focusing on the inflammatory marker Neutrophil-to-Lymphocyte Ratio (NLR) and the histologic subtype of the tumor (Adenocarcinoma vs. Squamous Cell Carcinoma)."
inner_003_query_004_targeted,True,2026-09-22T15:24:26.281888+00:00,2,targeted,15,3,85d05b49b83e60be4253934640bb6ae1ac98a3c8451bedbe50ccae1e4b9b457e,c2733ecdebae6f8bd5a84fad7002cba48c80c162a9ecb7129560a4fb7f41e929,31683,4,87897fb9669061e0acfa5ee20711861f5ca08cbcb8e08ac26285768add374dac,"The provided evidence describes baseline clinical and molecular characteristics of patients with non-small cell lung carcinoma (NSCLC), predominantly squamous cell carcinoma. Key documented variables include PD-L1 expression levels and the genomic status of CDKN2A."
inner_004_query_000_original,True,2026-09-22T15:23:55.127510+00:00,2,original,24,4,74302d6fae9e34bd1f923c2e2e30fc2a1e480782691765e1939a57b50bfb5acc,cfe2df96693f37bb8e813583df8a3660f30b73d4749f41b63f65a0a37318f5c9,50308,0,0abe88bd5e28f07f1a67e7f94433d335c2fdab7a761d4428828acd208e07d69c,"The evidence identifies baseline genomic alterations associated with therapeutic response and prognosis in non-small cell lung cancer (NSCLC). STK11 loss is linked to primary resistance to PD‑1/PD‑L1 checkpoint inhibitors, and TP53 mutations are associated with a more aggressive phenotype and potentially reduced response to EGFR-tyrosine kinase inhibitors (TKIs)."
inner_004_query_000_random,True,2026-09-22T15:22:27.073950+00:00,2,random,16,4,e0c37f279042c81aa4e73e1ad9720d7f62363b6059c0d6f7ba78b6aefc322dc0,4b47ff1f9a600c38cb6a43978faabf540351fb080373c3803e5ed1e0ebc3a94c,33238,0,0aa0bba4d0e1282f85b9a44a65aba5971ec6afcb0071d7b27a7abdb0570145e0,"The evidence identifies several baseline genomic and clinical variables in patients with non-small cell lung cancer (NSCLC), specifically highlighting CDKN2A status and Tumor Mutational Burden (TMB) as potential modifiers of disease biology, prognosis, and therapeutic response."
inner_004_query_000_targeted,True,2026-09-22T15:23:05.437685+00:00,2,targeted,18,4,b18e06ea67fba6cf785779e6a032ec72685d77320971df17f64e9d9a0159d18a,b400a89577dd6569db06a27da8898c9d5ee3c3a8ac496b2d248b4c0c72accebf,38028,0,62b9ecd4099fb34cc9bbb25bee79e34536c954e32a3d98d7cec3e1994a6de345,"The evidence identifies several genomic and molecular baseline variables in patients with KRAS G12C-mutant NSCLC, most notably STK11 alteration status and Tumor Mutational Burden (TMB), both of which are described as influencing the potential response to immunotherapy."
inner_004_query_001_original,True,2026-09-22T15:24:51.940149+00:00,2,original,24,4,8c3f802fa7849a001a9e0ddd11ede1386a738db07cedb78a37f51a85f1cab81e,774b7e64e79f3dd4b35247042df1090f302180a5fd5f64cfb60647dcfbd35c53,52017,1,d0c986ecfa3da7a7fb3d2148405c34a9fec3c37cc10cd21bd144bc58f9fe2981,"The evidence identifies functional status (ECOG) and biomarker expression (PD-L1 TPS) as key baseline clinical variables used to differentiate treatment strategies (e.g., single-agent vs. combination therapy) in patients with KRAS G12C-mutated NSCLC."
inner_004_query_001_random,True,2026-09-22T15:26:13.168966+00:00,2,random,14,4,6162dbdd7ff409a113490247b14aef42e82b67d7aab11807e2460d20b514ba0c,a9596e63aba59b985cf308d11c58da82b789fe37d8d2c4b117a8c8b3c6993ffe,26842,1,30dfcc982e5dc7328252ee3f6148eea18d9067ce290863fd01ab01f121fabec2,"The evidence identifies baseline clinical variables including performance status and PD-L1 expression levels in patients with non-small cell lung cancer (NSCLC), specifically those with KRAS mutations."
inner_004_query_001_targeted,True,2026-09-22T15:26:07.404269+00:00,2,targeted,18,4,035fdefd205488f67a24e7a12b10f4c89ee28172853c965d2cde09e5fade6b28,ecdc8a60ed4bf884f73a673d3c967c75b405111d28ceae173f5cb29060fabdf3,38457,1,8e15b6e5d561616644bc3d04b503e78c24aadb954c6f4c1bd6c9043c6b794782,"The evidence describes baseline characteristics of patients with advanced non-small cell lung cancer (NSCLC), highlighting variations in functional status (ECOG performance status) and molecular alterations, specifically STK11 loss, which are frequently noted as potential modifiers of immunotherapy response."
inner_004_query_002_original,True,2026-09-22T15:26:04.153458+00:00,2,original,24,4,64cd5cd47730e84389ef5b39d4084eb1139ea7d0b2388a0b20892f17d1e90074,62ba6dbef83a413de201b9386fcdb0a03a7c2d3484be1eb39ec770e52dc085b6,48471,2,02c6c86b022fecc36d9798d5c6324a648a5a987911af8e66123c51511e4400a5,The evidence supports the identification of ECOG performance status and the Neutrophil-to-Lymphocyte Ratio (NLR) as measurable baseline clinical variables in patients with metastatic KRAS-mutated non-small cell lung cancer (NSCLC).
inner_004_query_002_random,True,2026-09-22T15:27:35.527295+00:00,2,random,18,4,dfe5961cbb195cbdd3cd7d7354b8be8950a7422cee196fdf760d9dad64dca5df,946ce36a889488b522799e3f373b42e8ffad69ddcf168396df12575fb131cbf6,37801,2,ba1c602dacc12d54467732ff782b5697697b584863c69e3577de8484637b5cfa,The evidence identifies functional performance status (ECOG PS) and the Neutrophil-to-Lymphocyte Ratio (NLR) as measurable baseline clinical variables associated with patients with non-small cell lung cancer prior to systemic therapy.
inner_004_query_002_targeted,True,2026-09-22T15:29:34.073507+00:00,2,targeted,19,4,59ac1121c093027c1b00e9300140bbc9cf9d5287ef4708b409a1cded144acb21,2f79cbe3d6eca5fc187e32de8ccf6e0a56a66beb3e862befccd3fe3cf4d3091c,40006,2,bdb74dfd3d1a47f65daf9af87133ed846199d49cc90d85e52de6b29a3f7c6a02,The provided evidence identifies baseline renal function and functional performance status as key clinical variables associated with the selection and suitability of systemic therapies in patients with advanced NSCLC.
inner_004_query_003_original,True,2026-09-22T15:26:40.842687+00:00,2,original,24,4,edf85dc4265404af7f950da0d675a6218dc0032c5d3dc323c6c4c2bb2a8fe77a,d296388c6c36f498bfc2b1320dc2fcf81536c239d8f9a8ea40f4945a2d843f75,51378,3,f46b61d7ce78e3f91bb7bab82e14abc1dabb59e1c5a64a17a0fd138db0d11797,The evidence identifies specific molecular genomic alterations (STK11 loss and KRAS G12C mutations) as baseline clinical variables used to determine eligibility for targeted therapies and to predict response to immunotherapy in patients with non-small cell lung cancer (NSCLC).
inner_004_query_003_random,True,2026-09-22T15:27:31.134331+00:00,2,random,14,4,07d3dd10c142122143c7596982d31b4425e7693af67c7670bf3a57147230c743,1c9979827c1b411e36411b2d356af01843cd2e92a697bbc96e617ef94f911fa7,27341,3,8e101ed9f001faf9fafab3d1bccd690e31018ed1d801f97f7d0d0771d1ec20e5,The provided evidence identifies measurable baseline clinical variables including renal function (serum creatinine) and smoking history (pack-years) across multiple patients with squamous non-small cell lung cancer.
inner_004_query_003_targeted,True,2026-09-22T15:30:20.634296+00:00,2,targeted,22,4,6f1cc416e8cb371ae5e58980ce3079c5960a99572ba78b7fcf193259e737b64c,8865de03ae2f52d985f1bb2e587d14688cb157d66069828527dab41962878614,46580,3,b224f7afebb75dec5e49e4608d2a4a473c0aabba6fe198ee0ec0b3cf161fa97a,The provided evidence identifies renal function (via creatinine clearance) and functional status (via ECOG performance status) as key baseline clinical variables that influence the selection and dosing of systemic therapies in patients with non-small cell lung cancer (NSCLC).
inner_004_query_004_original,True,2026-09-22T15:28:49.333668+00:00,2,original,18,4,1a2b6ee0da738bdd597ad2a55f6417230667e405d722c6c1953859204db6c4ea,8a9abb2e49f287711e9a147f6770c1b71fd03c267063d824026f66b210042b06,23991,4,f00e8428e3bfe88388e39419787b9ba297bf5fc178460145f03e10ea1b56952a,"The evidence provides baseline clinical and molecular characteristics for a patient with metastatic non-small cell lung cancer, specifically highlighting a known EGFR mutation and pre-treatment metabolic activity of the primary lung tumor."
inner_004_query_004_random,True,2026-09-22T15:33:27.408019+00:00,2,random,13,4,5d43e669dfee404f22f043ae3516f740624d2d0695a801f74fddd46bbd2fd782,0bf688dd9738972c1de10cdb6143be5c3c1d398208612290b8c01b5c184233e0,19952,4,adf9ea1f7844b98cb9e13ac852c6a2988963880266237f57b3b69a429d0e1eb4,"The provided evidence identifies baseline clinical and molecular markers in patients with non-small cell lung cancer (NSCLC), specifically functional performance status (ECOG) and biomarker expression (PD-L1 Tumor Proportion Score), which are commonly associated with treatment selection and outcomes."
inner_004_query_004_targeted,True,2026-09-22T15:30:33.100545+00:00,2,targeted,15,4,99dcea0c142944f92490617809b0f2cb8c6aa51ff7875801669ed1420c4081aa,5a4cd5de9a48a8f5588aaf489b6d9b3bfdbc74cb23099a447f4c0da0ee9a4084,26808,4,d4c2e14b5e02477260253a2abfeeaa0fdebb1cb2234982aab0ab78a6a6e3051b,"The evidence identifies baseline clinical distinctions in performance status and systemic inflammatory markers (NLR) across patients with Stage IV non-small cell lung cancer (NSCLC), highlighting variation in functional capacity and hematologic profiles."
inner_005_query_000_original,True,2026-09-22T15:39:55.929605+00:00,2,original,24,5,d3ef0d5b6bd389ed837d230673e9fd59af896e021d34fc8a13c0470211621506,1a844c7b959debefa7ee55d1ea9ef00c650204558cefafdde065e5c824c5eb31,50808,0,55c4cb81f55fc039c0542aa33770be5a2968315e37717433fb3a7d9ccc25f7ad,"The evidence supports the identification of baseline clinical variables for patients with stage IV squamous non-small cell lung cancer (NSCLC) and brain metastases, specifically functional performance status (ECOG) and PD-L1 expression levels."
inner_005_query_000_random,True,2026-09-22T15:34:34.341707+00:00,2,random,14,5,bce99644d62caef349463b2c7050222e5602af7d4010b2af2156aacbefbff4af,66566bc8f6ee0e79b74d177d8dc17f65b182504eb4f02b60256e04d3344e8601,27301,0,ae5f15c7fa9269e3d98fe3a0c0968593fdf339711822dbe30b88fce924e7540d,"The evidence contains baseline clinical and pathological data for patients with non-small cell lung cancer (NSCLC), including functional performance status and PD-L1 expression levels."
inner_005_query_000_targeted,True,2026-09-22T15:33:28.693266+00:00,2,targeted,20,5,15aa1bd228550b499a86648aa51b70f4af8ff335dc13e92bd27dee5f3ae37a6b,6d27d0f2e249a9755988c7676f2f227ff1c8e1b9640413e6e6fb34b1fcd20972,42231,0,f0fdfdbb0addae065ea1846ced32fc3db576d2b8ffac41da7c974ba925d4aea7,The evidence identifies baseline genomic alterations (specifically CDKN2A loss) and functional status (ECOG Performance Status) as distinct clinical variables associated with patients presenting with stage IV non-small cell lung cancer and brain metastases.
inner_005_query_001_original,True,2026-09-22T15:34:06.147006+00:00,2,original,24,5,a8ff5f3f32bd6d360ba410fafcf72fe04f5d0701568458f0db2d4a33788b4c56,6b15c6c63aadb7026abf2307b17348e273871a45a57f6c77f0cb84e682bd27ca,51500,1,e5392af568092a39264c4ce75eb20197f85c0bb485d7a976a0d7f61348a0969a,"The evidence consists of oncology imaging reports (CT, PET/CT, MRI) for patients with non-small cell lung adenocarcinoma. Common baseline clinical variables include the size and metabolic activity of pulmonary lesions, and the presence of distant metastases in the liver, bones, or lymph nodes."
inner_005_query_001_random,True,2026-09-22T15:35:40.394723+00:00,2,random,14,5,c5d25680d78b602efc4274ed13d7a7f818be99db9923381a61d838abf9a5c191,339200f01d2f9aac8b0ac9e9352b0d8e1c95c90cb07a5a690fa2753ead9ad7ba,26955,1,3532844cc20276341b9a6a59b7abeaf9951100ce6dc6d0f7d7e219e449de9e4b,"The retrieval evidence identifies baseline clinical and genomic variables in patients with non-small cell lung cancer (NSCLC), including tumor mutational burden (TMB), performance status (ECOG), and specific genetic mutations (e.g., KRAS G12C, STK11 loss). TMB is specifically highlighted as an indicator of the potential benefit from PD-1/PD-L1 checkpoint blockade."
inner_005_query_001_targeted,True,2026-09-22T15:35:37.594678+00:00,2,targeted,17,5,13d6801276339cb061bf9b94966da0b14de5320181fddc7cf3777ec764dcb008,50ca84f41020a1edc445d68ba5039050d2e025bfa04be5bace107cbf8596d01d,36566,1,d8d4c007c744109c4481a30521246103b2c6ca850a1f0c0d11f28c6b65b1178d,"The provided clinical excerpts describe baseline characteristics of patients with non-small cell lung cancer (NSCLC), specifically detailing the metabolic activity of the primary pulmonary tumor as measured by SUVmax on PET/CT and the presence or absence of intracranial metastases as identified by brain MRI."
inner_005_query_002_original,True,2026-09-22T15:38:51.750771+00:00,2,original,24,5,c13a7c15a400b3641e3e46a43525edb770dfba877f1c0bd47dd23e3c12e2e1d1,f14cb9b4e97b0f4c8938d6c05356688688857cb779aa7fe11e5a917aff0d0f79,52334,2,8300119d103c6b47699fd1d0826d522db074dc8ad65c766e7d3b580d12e244de,The evidence supports the use of PD-L1 Tumor Proportion Score (TPS) and KRAS G12C mutation status as measurable baseline clinical variables in patients with lung adenocarcinoma.
inner_005_query_002_random,True,2026-09-22T15:37:34.531697+00:00,2,random,13,5,000ecbc5776a5e12549c5ae0ce19f24f6c2a5e61cc2afd58ab5c6a1b13abfb03,b29b427d5e92c502674e0e81efdb11ce8ef1aabf90cca80515c59929636594b5,24586,2,2e8ffafbb1ab580dd74957bac59510ad9973d0a13c218b4d466dea43959fd50a,"The evidence identifies baseline clinical and molecular characteristics of non-small cell lung carcinoma (NSCLC) patients, specifically focusing on histological subtypes (adenocarcinoma, large-cell carcinoma), molecular drivers (EGFR mutations), and immune markers (PD-L1 expression)."
inner_005_query_002_targeted,True,2026-09-22T15:37:03.258547+00:00,2,targeted,18,5,653993a91fbeee8a9d4ee61fdc856827ada297e110e81096816040b9f1ae3aa8,6e7b5c36f83ea7a175e5d6e6f39b83576ebabb7e8bde1ad72881193dc9e63c75,39026,2,48118eb774b178c620b90880826fe32347052300f4e44ab7ac7e3ba6ef243c7f,"The provided evidence describes patients with squamous cell carcinoma of the lung, with documented variability in immunohistochemical markers such as PD-L1 expression and Ki-67 proliferation index, as well as differences in ECOG performance status and tumor staging."
inner_005_query_003_original,True,2026-09-22T15:38:39.147930+00:00,2,original,24,5,0f30826eb2e179c16142c5c5487135c0029278b069ffe21adada0aae4fbce4ea,de6fe7db44402ad120dfac16ae19cf89b2576ecc989e7c61d09decd2fed45ed3,51185,3,4c1cdca0359bdbdafddc368e5d755a0ed0170ec9bc929099516939568137a1fe,"The provided evidence identifies baseline clinical variables in patients with resected stage II/III adenocarcinoma of the lung, specifically focusing on the choice of adjuvant chemotherapy regimen and functional status (ECOG PS) during the surveillance period."
inner_005_query_003_random,True,2026-09-22T15:39:02.607393+00:00,2,random,18,5,3dbab2d4fc57e5772c7273f8d35a3a25dc63a72825d66d300f7dd920d91d51d8,edac134f4af5654eccd8bd9836af29eabb02cf7337d54b4b421a7ce025ee5911,39375,3,a3da39e4e67fa6e5028c71aa95c1dfa9e879117607b182395e16ec6ee85c91b1,"The evidence identifies genomic markers, specifically STK11 alterations and EGFR mutation status, as key baseline characteristics that influence therapy selection and the predicted efficacy of immunotherapies in non-small cell lung cancer (NSCLC)."
inner_005_query_003_targeted,True,2026-09-22T15:39:43.033000+00:00,2,targeted,19,5,7caf3cbb108074075b89b273c34ea5575f21009d83bbb72c7128cea2ff3a4691,57d99729a0f6984e6eb4acb2eafed0a6ad8020ba43b915f45509be62a29506a0,41012,3,005fcaaea6f4f746927a21ae1c02b29d8484ecd137996a07ee94cdf24dd12ea9,"The provided evidence supports the identification of baseline patient characteristics in NSCLC, specifically functional status (ECOG) and tobacco exposure history, which are consistently documented across various clinical encounters."
inner_005_query_004_original,True,2026-09-22T15:38:57.247816+00:00,0,original,15,5,8fc6bd732ec3d926dd0fccfed93ed56c1b4928333432ba020f8bb912da01b46a,08fdb4838728fb17d761ee77d9b4bfb8c6106c88436d37951bbd4ff65c0bd378,18063,4,73e26f5829919407166285475ce9bfda015dc448fa1afba040539a2e31c50917,"The provided evidence contains no clinical text, consisting only of empty strings or non-semantic special characters. No measurable baseline clinical variables could be identified."
inner_005_query_004_random,True,2026-09-22T15:40:01.023589+00:00,2,random,14,5,d3c48d660ccfba21dfd405d4a6183709f939a46bb1b2970045f5474d25f5c196,2d93578da3ae57a05a1482736595ae11f78c45c527e9b66d8bac262c15857399,24027,4,5a313ca5be04fa66f31556448947b5d39588ca9ba4002905bd586d51d4aa2798,"The evidence identifies PD-L1 expression (TPS) and STK11 status as baseline molecular characteristics in patients with non-small cell lung carcinoma (NSCLC), with STK11 loss specifically associated with resistance to single-agent checkpoint inhibitors."
inner_005_query_004_targeted,True,2026-09-22T15:40:06.742679+00:00,2,targeted,15,5,90f86277c0aaec2d53ba4c7ba748e1bc0108c279e90f091c5e8c5f5ba440fedb,b3a52114fb855de2d9594655aa214398f7e8b5b0b3b4de85bf5472c8cfd3ea12,28435,4,a045ee4ae927192e4386792177e7c58ea1f2a406d99d3fd022843eb90716e700,The evidence identifies variations in baseline functional status (ECOG) and inflammatory markers (NLR) among patients with stage IV non-small cell lung cancer (NSCLC) presenting with KRAS G12C mutations.
