target,family,scope,mode,kind,radius,loss,gain_over_constant,loss_increase_from_original
effect,constant,constant,constant,constant,0.0,0.19676946329252562,0.0,
effect,linear,conditional,frozen,random,0.02,0.21782168774022248,-0.02105222444769685,-3.4609864243040355e-07
effect,linear,conditional,frozen,random,0.05,0.21783937258994807,-0.02106990929742244,1.7338751083155525e-05
effect,linear,conditional,frozen,random,0.1,0.21790667086046273,-0.02113720756793711,8.463702159782272e-05
effect,linear,conditional,frozen,random,0.2,0.21905646547455948,-0.02228700218203386,0.0012344316356945743
effect,linear,conditional,frozen,targeted,0.02,0.21768024760313762,-0.020910784310611982,-0.00014178623572730142
effect,linear,conditional,frozen,targeted,0.05,0.21766324355189115,-0.02089378025936553,-0.00015879028697375342
effect,linear,conditional,frozen,targeted,0.1,0.21810439360056175,-0.021334930308036137,0.0002823597616968543
effect,linear,conditional,frozen,targeted,0.2,0.21953943926781996,-0.022769975975294333,0.00171740542895505
effect,linear,conditional,original,original,0.0,0.2178220338388649,-0.021052570546339286,0.0
effect,linear,conditional,refit,random,0.02,0.21782241450632703,-0.021052951213801404,3.8066746212161994e-07
effect,linear,conditional,refit,random,0.05,0.21782384376791297,-0.02105438047538734,1.8099290480564356e-06
effect,linear,conditional,refit,random,0.1,0.2178230882327155,-0.0210536249401899,1.0543938506191175e-06
effect,linear,conditional,refit,random,0.2,0.2177986219412428,-0.02102915864871717,-2.3411897622114265e-05
effect,linear,conditional,refit,targeted,0.02,0.21781997211129106,-0.021050508818765423,-2.0617275738610273e-06
effect,linear,conditional,refit,targeted,0.05,0.21784371478459646,-0.021074251492070855,2.1680945731570313e-05
effect,linear,conditional,refit,targeted,0.1,0.2178687205115366,-0.02109925721901099,4.668667267170634e-05
effect,linear,conditional,refit,targeted,0.2,0.21782261151120363,-0.02105314821867799,5.776723387063143e-07
effect,linear,conditional,without_query,without_query,0.0,0.21576112191575814,-0.018991658623232516,-0.0020609119231067697
effect,linear,solo,frozen,random,0.02,0.2057910480929462,-0.009021584800420568,-1.857881274512696e-06
effect,linear,solo,frozen,random,0.05,0.2058345069939427,-0.009065043701417076,4.160101972199493e-05
effect,linear,solo,frozen,random,0.1,0.20596481127781394,-0.009195347985288312,0.00017190530359323297
effect,linear,solo,frozen,random,0.2,0.20741697730167355,-0.01064751400914791,0.0016240713274528291
effect,linear,solo,frozen,targeted,0.02,0.20565135521815375,-0.008881891925628115,-0.00014155075606696598
effect,linear,solo,frozen,targeted,0.05,0.20577549397866884,-0.009006030686143241,-1.7411995551839253e-05
effect,linear,solo,frozen,targeted,0.1,0.20654538215326457,-0.009775918860738945,0.0007524761790438639
effect,linear,solo,frozen,targeted,0.2,0.2087850636216289,-0.01201560032910328,0.002992157647408199
effect,linear,solo,original,original,0.0,0.2057929059742207,-0.00902344268169508,0.0
effect,linear,solo,refit,random,0.02,0.20578986228754106,-0.00902039899501545,-3.0436866796312854e-06
effect,linear,solo,refit,random,0.05,0.20579011880543388,-0.00902065551290825,-2.7871687868317176e-06
effect,linear,solo,refit,random,0.1,0.2057919038016949,-0.00902244050916928,-1.0021725258011482e-06
effect,linear,solo,refit,random,0.2,0.20573546320497613,-0.008965999912450489,-5.744276924459224e-05
effect,linear,solo,refit,targeted,0.02,0.20568620706102267,-0.008916743768497049,-0.00010669891319803226
effect,linear,solo,refit,targeted,0.05,0.20543205200348563,-0.008662588710960014,-0.00036085397073506775
effect,linear,solo,refit,targeted,0.1,0.20470619123523448,-0.00793672794270886,-0.0010867147389862209
effect,linear,solo,refit,targeted,0.2,0.2022576190228941,-0.005488155730368485,-0.003535286951326596
effect,spline,conditional,frozen,random,0.02,0.20528989100210582,-0.008520427709580183,-9.458529436682683e-06
effect,spline,conditional,frozen,random,0.05,0.20524228757720936,-0.00847282428468373,-5.706195433313499e-05
effect,spline,conditional,frozen,random,0.1,0.20508623878454343,-0.00831677549201782,-0.00021311074699904476
effect,spline,conditional,frozen,random,0.2,0.204679712061851,-0.007910248769325386,-0.0006196374696914792
effect,spline,conditional,frozen,targeted,0.02,0.20556645707916196,-0.008796993786636356,0.00026710754761949065
effect,spline,conditional,frozen,targeted,0.05,0.20616949247271865,-0.009400029180193042,0.0008701429411761774
effect,spline,conditional,frozen,targeted,0.1,0.2069083748887995,-0.010138911596273866,0.0016090253572570011
effect,spline,conditional,frozen,targeted,0.2,0.2072308660042599,-0.010461402711734265,0.0019315164727173994
effect,spline,conditional,original,original,0.0,0.2052993495315425,-0.008529886239016866,0.0
effect,spline,conditional,refit,random,0.02,0.20529995539233872,-0.00853049209981308,6.058607962160512e-07
effect,spline,conditional,refit,random,0.05,0.20530260127334704,-0.008533137980821424,3.251741804558783e-06
effect,spline,conditional,refit,random,0.1,0.20530636609971223,-0.008536902807186605,7.016568169739834e-06
effect,spline,conditional,refit,random,0.2,0.20527517648670116,-0.008505713194175526,-2.4173044841338864e-05
effect,spline,conditional,refit,targeted,0.02,0.20534285742305916,-0.008573394130533511,4.350789151664647e-05
effect,spline,conditional,refit,targeted,0.05,0.20541283276640607,-0.00864336947388043,0.00011348323486356504
effect,spline,conditional,refit,targeted,0.1,0.20552263484372685,-0.0087531715512012,0.0002232853121843348
effect,spline,conditional,refit,targeted,0.2,0.20545563057079216,-0.008686167278266535,0.0001562810392496694
effect,spline,conditional,without_query,without_query,0.0,0.2041814571110091,-0.007411993818483474,-0.0011178924205333908
effect,spline,solo,frozen,random,0.02,0.19894490745441426,-0.0021754441618886135,-1.1777769604968347e-05
effect,spline,solo,frozen,random,0.05,0.19889349088040295,-0.0021240275878773524,-6.3194343616229e-05
effect,spline,solo,frozen,random,0.1,0.1987353703110765,-0.0019659070185508594,-0.0002213149129427221
effect,spline,solo,frozen,random,0.2,0.19853416588259612,-0.001764702590070478,-0.00042251934142310344
effect,spline,solo,frozen,targeted,0.02,0.19937564014093614,-0.0026061768484105063,0.0004189549169169249
effect,spline,solo,frozen,targeted,0.05,0.20043168494996602,-0.0036622216574404096,0.0014749997259468283
effect,spline,solo,frozen,targeted,0.1,0.20195399545285123,-0.005184532160325618,0.002997310228832036
effect,spline,solo,frozen,targeted,0.2,0.20357332552494115,-0.006803862232415503,0.004616640300921921
effect,spline,solo,original,original,0.0,0.1989566852240192,-0.0021872219314935815,0.0
effect,spline,solo,refit,random,0.02,0.1989578992098832,-0.002188435917357568,1.2139858639863555e-06
effect,spline,solo,refit,random,0.05,0.19896241645302,-0.0021929531604943956,5.73122900081402e-06
effect,spline,solo,refit,random,0.1,0.19896576756153875,-0.0021963042690131065,9.082337519524808e-06
effect,spline,solo,refit,random,0.2,0.19892503686042556,-0.0021555735678999524,-3.16483635936291e-05
effect,spline,solo,refit,targeted,0.02,0.1990342851286996,-0.002264821836173999,7.759990468041767e-05
effect,spline,solo,refit,targeted,0.05,0.19914596547920493,-0.00237650218667931,0.00018928025518572867
effect,spline,solo,refit,targeted,0.1,0.19922579905552468,-0.0024563357629990333,0.00026911383150545197
effect,spline,solo,refit,targeted,0.2,0.19871549974341618,-0.0019460364508905549,-0.00024118548060302668
outcome,constant,constant,constant,constant,0.0,0.6881565694595227,0.0,
outcome,linear,conditional,frozen,random,0.02,0.6440984555316468,0.04405811392787594,1.3929475057664398e-05
outcome,linear,conditional,frozen,random,0.05,0.644137020151298,0.04401954930822468,5.24940947089183e-05
outcome,linear,conditional,frozen,random,0.1,0.6443880466622561,0.04376852279726667,0.0003035206056669359
outcome,linear,conditional,frozen,random,0.2,0.6479595022083383,0.04019706725118441,0.003874976151749199
outcome,linear,conditional,frozen,targeted,0.02,0.644223187740717,0.04393338171880576,0.00013866168412785207
outcome,linear,conditional,frozen,targeted,0.05,0.6454454404419139,0.0427111290176089,0.0013609143853246985
outcome,linear,conditional,frozen,targeted,0.1,0.6481700483670727,0.03998652109245008,0.004085522310483523
outcome,linear,conditional,frozen,targeted,0.2,0.6536887608027204,0.03446780865680227,0.009604234746131333
outcome,linear,conditional,original,original,0.0,0.6440845260565891,0.0440720434029336,0.0
outcome,linear,conditional,refit,random,0.02,0.6440890014424021,0.044067568017120654,4.475385812947152e-06
outcome,linear,conditional,refit,random,0.05,0.6440999387543602,0.04405663070516252,1.5412697771085782e-05
outcome,linear,conditional,refit,random,0.1,0.6441091765409052,0.04404739291861756,2.4650484316044442e-05
outcome,linear,conditional,refit,random,0.2,0.6441188778775798,0.04403769158194295,3.435182099065148e-05
outcome,linear,conditional,refit,targeted,0.02,0.6441141200096253,0.04404244944989749,2.95939530361089e-05
outcome,linear,conditional,refit,targeted,0.05,0.6441329781648121,0.04402359129471065,4.845210822294277e-05
outcome,linear,conditional,refit,targeted,0.1,0.6440950050665093,0.04406156439301343,1.0479009920167925e-05
outcome,linear,conditional,refit,targeted,0.2,0.6437537191829223,0.04440285027660048,-0.0003308068736668801
outcome,linear,conditional,without_query,without_query,0.0,0.644655991389709,0.0435005780698138,0.0005714653331198027
outcome,linear,solo,frozen,random,0.02,0.6873681554205426,0.0007884140389801422,-1.4699362616035216e-06
outcome,linear,solo,frozen,random,0.05,0.6873640525149309,0.0007925169445918296,-5.5728418732909905e-06
outcome,linear,solo,frozen,random,0.1,0.6873787035600711,0.0007778658994516103,9.07820326692832e-06
outcome,linear,solo,frozen,random,0.2,0.6875768362047829,0.0005797332547398026,0.00020721084797873602
outcome,linear,solo,frozen,targeted,0.02,0.6873583677090249,0.0007982017504977579,-1.1257647779219226e-05
outcome,linear,solo,frozen,targeted,0.05,0.6873385256276805,0.0008180438318422923,-3.109972912375358e-05
outcome,linear,solo,frozen,targeted,0.1,0.6874791093926649,0.0006774600668578267,0.00010948403586071187
outcome,linear,solo,frozen,targeted,0.2,0.6882154085971037,-5.8839137580957156e-05,0.0008457832402994958
outcome,linear,solo,original,original,0.0,0.6873696253568042,0.0007869441027185387,0.0
outcome,linear,solo,refit,random,0.02,0.6873713027956856,0.0007852666638372287,1.6774388813098895e-06
outcome,linear,solo,refit,random,0.05,0.6873619720872569,0.000794597372265752,-7.653269547213349e-06
outcome,linear,solo,refit,random,0.1,0.6873553509201352,0.0008012185393875129,-1.4274436668974211e-05
outcome,linear,solo,refit,random,0.2,0.687342702524163,0.0008138669353597399,-2.692283264120121e-05
outcome,linear,solo,refit,targeted,0.02,0.6873834031326873,0.0007731663268354394,1.3777775883099253e-05
outcome,linear,solo,refit,targeted,0.05,0.6873762646503795,0.0007803048091432218,6.639293575316785e-06
outcome,linear,solo,refit,targeted,0.1,0.6873895136092842,0.0007670558502384317,1.988825248010695e-05
outcome,linear,solo,refit,targeted,0.2,0.6874895209727272,0.0006670484867955873,0.0001198956159229514
outcome,spline,conditional,frozen,random,0.02,0.6169231792809421,0.07123339017858066,6.201680181233904e-06
outcome,spline,conditional,frozen,random,0.05,0.6169455326626254,0.07121103679689736,2.8555061864530273e-05
outcome,spline,conditional,frozen,random,0.1,0.6170962350580639,0.07106033440145891,0.0001792574573029837
outcome,spline,conditional,frozen,random,0.2,0.6181637469638144,0.06999282249570847,0.0012467693630534252
outcome,spline,conditional,frozen,targeted,0.02,0.6168870748875454,0.07126949457197745,-2.9902713215559375e-05
outcome,spline,conditional,frozen,targeted,0.05,0.6174399950769874,0.07071657438253538,0.0005230174762265083
outcome,spline,conditional,frozen,targeted,0.1,0.6189387939362672,0.06921777552325556,0.002021816335506341
outcome,spline,conditional,frozen,targeted,0.2,0.6219914605284833,0.06616510893103943,0.005074482927722466
outcome,spline,conditional,original,original,0.0,0.6169169776007608,0.0712395918587619,0.0
outcome,spline,conditional,refit,random,0.02,0.616920587473035,0.07123598198648778,3.609872274108028e-06
outcome,spline,conditional,refit,random,0.05,0.6169191601393342,0.07123740932018842,2.1825385734777214e-06
outcome,spline,conditional,refit,random,0.1,0.6169282663187284,0.07122830314079434,1.128871796755515e-05
outcome,spline,conditional,refit,random,0.2,0.6170066307412767,0.07114993871824603,8.96531405158587e-05
outcome,spline,conditional,refit,targeted,0.02,0.6170118497125212,0.0711447197470015,9.487211176039346e-05
outcome,spline,conditional,refit,targeted,0.05,0.6172910709569538,0.07086549850256897,0.0003740933561929305
outcome,spline,conditional,refit,targeted,0.1,0.6177309583692763,0.0704256110902464,0.0008139807685154832
outcome,spline,conditional,refit,targeted,0.2,0.6181883858533087,0.06996818360621411,0.0012714082525477899
outcome,spline,conditional,without_query,without_query,0.0,0.6193937965496543,0.06876277290986843,0.002476818948893471
outcome,spline,solo,frozen,random,0.02,0.6875356145730802,0.0006209548864425037,2.63443289816756e-07
outcome,spline,solo,frozen,random,0.05,0.6875333857268308,0.0006231837326919853,-1.9654029596649637e-06
outcome,spline,solo,frozen,random,0.1,0.6876231423031436,0.0005334271563790986,8.779117335322172e-05
outcome,spline,solo,frozen,random,0.2,0.6885753037928597,-0.0004187343333369169,0.0010399526630692373
outcome,spline,solo,frozen,targeted,0.02,0.6875374805890817,0.000619088870440967,2.129459291353442e-06
outcome,spline,solo,frozen,targeted,0.05,0.6876215484380453,0.0005350210214773598,8.619730825496053e-05
outcome,spline,solo,frozen,targeted,0.1,0.6884713928873115,-0.00031482342778882177,0.0009360417575211421
outcome,spline,solo,frozen,targeted,0.2,0.6899601408665871,-0.0018035714070642728,0.002424789736796593
outcome,spline,solo,original,original,0.0,0.6875353511297904,0.0006212183297323204,0.0
outcome,spline,solo,refit,random,0.02,0.687538438955861,0.0006181305036617211,3.08782607059932e-06
outcome,spline,solo,refit,random,0.05,0.6875396041875096,0.0006169652720132408,4.253057719079578e-06
outcome,spline,solo,refit,random,0.1,0.6875261167720997,0.0006304526874229684,-9.234357690647954e-06
outcome,spline,solo,refit,random,0.2,0.6874894131982571,0.000667156261265677,-4.5937931533356566e-05
outcome,spline,solo,refit,targeted,0.02,0.6875169644768154,0.000639604982707298,-1.8386652974977657e-05
outcome,spline,solo,refit,targeted,0.05,0.6873387515316552,0.0008178179278674635,-0.00019659959813514316
outcome,spline,solo,refit,targeted,0.1,0.6872353462199581,0.0009212232395646059,-0.00030000490983228545
outcome,spline,solo,refit,targeted,0.2,0.687383326578736,0.0007732428807867286,-0.00015202455105440827
treatment,constant,constant,constant,constant,0.0,0.6922543491635089,0.0,
treatment,linear,conditional,frozen,random,0.02,0.6044850171587886,0.08776933200472038,-1.3454445403206173e-05
treatment,linear,conditional,frozen,random,0.05,0.604392853339236,0.08786149582427293,-0.0001056182649557531
treatment,linear,conditional,frozen,random,0.1,0.604367077434794,0.08788727172871488,-0.00013139416939770055
treatment,linear,conditional,frozen,random,0.2,0.6071294278469636,0.0851249213165454,0.0026309562427717834
treatment,linear,conditional,frozen,targeted,0.02,0.6053071850468831,0.08694716411662587,0.0008087134426913201
treatment,linear,conditional,frozen,targeted,0.05,0.6079161362421689,0.08433821292134006,0.0034176646379771246
treatment,linear,conditional,frozen,targeted,0.1,0.6132598487618539,0.07899450040165512,0.008761377157662049
treatment,linear,conditional,frozen,targeted,0.2,0.6258217941582381,0.06643255500527084,0.021323322554046325
treatment,linear,conditional,original,original,0.0,0.6044984716041918,0.08775587755931717,0.0
treatment,linear,conditional,refit,random,0.02,0.6045045609146638,0.08774978824884522,6.089310471952381e-06
treatment,linear,conditional,refit,random,0.05,0.6044875028078454,0.08776684635566366,-1.0968796346489284e-05
treatment,linear,conditional,refit,random,0.1,0.6045010442239691,0.08775330493953994,2.5726197772399926e-06
treatment,linear,conditional,refit,random,0.2,0.6045915107580542,0.08766283840545483,9.303915386234695e-05
treatment,linear,conditional,refit,targeted,0.02,0.6045056389767176,0.08774871018679135,7.1673725258136755e-06
treatment,linear,conditional,refit,targeted,0.05,0.6046934176441487,0.08756093151936023,0.00019494603995695136
treatment,linear,conditional,refit,targeted,0.1,0.605040853995104,0.08721349516840501,0.0005423823909121727
treatment,linear,conditional,refit,targeted,0.2,0.6057405655620827,0.0865137836014263,0.0012420939578908863
treatment,linear,conditional,without_query,without_query,0.0,0.6068970118640384,0.08535733729947052,0.002398540259846653
treatment,linear,solo,frozen,random,0.02,0.6928276683390456,-0.000573319175536688,-7.271924648959427e-07
treatment,linear,solo,frozen,random,0.05,0.6928336697745905,-0.0005793206110814664,5.274243079882446e-06
treatment,linear,solo,frozen,random,0.1,0.6928434536056159,-0.0005891044421069962,1.5058074105412267e-05
treatment,linear,solo,frozen,random,0.2,0.6930690390280425,-0.0008146898645335598,0.00024064349653197593
treatment,linear,solo,frozen,targeted,0.02,0.6927835718340262,-0.0005292226705171643,-4.4823697484419614e-05
treatment,linear,solo,frozen,targeted,0.05,0.6927688806304553,-0.0005145314669462975,-5.951490105528645e-05
treatment,linear,solo,frozen,targeted,0.1,0.6928588954121774,-0.0006045462486684939,3.0499880666909895e-05
treatment,linear,solo,frozen,targeted,0.2,0.6931682658705902,-0.0009139167070812481,0.00033987033907966423
treatment,linear,solo,original,original,0.0,0.6928283955315105,-0.0005740463680015839,0.0
treatment,linear,solo,refit,random,0.02,0.6928292742599557,-0.0005749250964467727,8.7872844518877e-07
treatment,linear,solo,refit,random,0.05,0.6928334793517762,-0.0005791301882672304,5.083820265646466e-06
treatment,linear,solo,refit,random,0.1,0.6928219486660284,-0.0005675995025194478,-6.446865482136133e-06
treatment,linear,solo,refit,random,0.2,0.69278976506415,-0.0005354159006411514,-3.863046736043252e-05
treatment,linear,solo,refit,targeted,0.02,0.692839517427274,-0.0005851682637649835,1.1121895763399613e-05
treatment,linear,solo,refit,targeted,0.05,0.6928523825572391,-0.0005980333937302085,2.3987025728624546e-05
treatment,linear,solo,refit,targeted,0.1,0.6928992208936887,-0.0006448717301797746,7.082536217819069e-05
treatment,linear,solo,refit,targeted,0.2,0.6930958418431239,-0.000841492679614948,0.0002674463116133641
treatment,spline,conditional,frozen,random,0.02,0.5977937461869981,0.09446060297651088,-3.4930011398096814e-05
treatment,spline,conditional,frozen,random,0.05,0.5976212048235917,0.09463314433991724,-0.0002074713748044701
treatment,spline,conditional,frozen,random,0.1,0.5972658231606813,0.09498852600282771,-0.0005628530377149365
treatment,spline,conditional,frozen,random,0.2,0.5973470530062756,0.09490729615723344,-0.0004816231921206535
treatment,spline,conditional,frozen,targeted,0.02,0.5987471322140216,0.09350721694948728,0.0009184560156254973
treatment,spline,conditional,frozen,targeted,0.05,0.6005639800232576,0.09169036914025132,0.002735303824861459
treatment,spline,conditional,frozen,targeted,0.1,0.6035520299146044,0.08870231924890452,0.005723353716208246
treatment,spline,conditional,frozen,targeted,0.2,0.6077437762976086,0.08451057286590041,0.009915100099212362
treatment,spline,conditional,original,original,0.0,0.5978286761983962,0.09442567296511278,0.0
treatment,spline,conditional,refit,random,0.02,0.5978286185965211,0.09442573056698782,-5.760187504755265e-08
treatment,spline,conditional,refit,random,0.05,0.5978125355254781,0.09444181363803084,-1.614067291806798e-05
treatment,spline,conditional,refit,random,0.1,0.5978255868775532,0.09442876228595574,-3.089320842969201e-06
treatment,spline,conditional,refit,random,0.2,0.5978987680911731,0.0943555810723358,7.009189277697292e-05
treatment,spline,conditional,refit,targeted,0.02,0.5979188689921354,0.09433548017137355,9.01927937392255e-05
treatment,spline,conditional,refit,targeted,0.05,0.5980500543410816,0.09420429482242736,0.00022137814268541778
treatment,spline,conditional,refit,targeted,0.1,0.5982292312892006,0.09402511787430835,0.0004005550908044109
treatment,spline,conditional,refit,targeted,0.2,0.5979904671513521,0.09426388201215687,0.00016179095295589807
treatment,spline,conditional,without_query,without_query,0.0,0.5973428054880252,0.0949115436754837,-0.0004858707103709259
treatment,spline,solo,frozen,random,0.02,0.692669611992957,-0.00041526282944791325,-3.2655798530534243e-06
treatment,spline,solo,frozen,random,0.05,0.692666802043297,-0.0004124528797880549,-6.075529512911793e-06
treatment,spline,solo,frozen,random,0.1,0.6926647931115648,-0.00041044394805584084,-8.084461245125851e-06
treatment,spline,solo,frozen,random,0.2,0.6929900757353775,-0.0007357265718685531,0.0003171981625675864
treatment,spline,solo,frozen,targeted,0.02,0.69273602799583,-0.0004816788323210108,6.315042302004414e-05
treatment,spline,solo,frozen,targeted,0.05,0.6929892062353359,-0.0007348570718269665,0.00031632866252599977
treatment,spline,solo,frozen,targeted,0.1,0.6934709062645499,-0.001216557101040907,0.0007980286917399404
treatment,spline,solo,frozen,targeted,0.2,0.6943931321569403,-0.002138782993431305,0.0017202545841303386
treatment,spline,solo,original,original,0.0,0.6926728775728099,-0.0004185284093009667,0.0
treatment,spline,solo,refit,random,0.02,0.692670735753014,-0.0004163865895050325,-2.1418197959341968e-06
treatment,spline,solo,refit,random,0.05,0.6926675012449321,-0.00041315208142317947,-5.37632787778719e-06
treatment,spline,solo,refit,random,0.1,0.6926644565759364,-0.0004101074124275268,-8.420996873439889e-06
treatment,spline,solo,refit,random,0.2,0.6926882124029589,-0.00043386323944980096,1.53348301488343e-05
treatment,spline,solo,refit,targeted,0.02,0.6927244216102185,-0.00047007244670957513,5.1544037408608464e-05
treatment,spline,solo,refit,targeted,0.05,0.6928369040927645,-0.0005825549292555853,0.0001640265199546187
treatment,spline,solo,refit,targeted,0.1,0.6930098241787835,-0.0007554750152745848,0.00033694660597361815
treatment,spline,solo,refit,targeted,0.2,0.6929399113995536,-0.00068556223604463,0.0002670338267436634
