_oci_row_id,scenario,search,seed,treatment,outcome,propensity,outcome_prediction,estimated_cate,lower_95,upper_95
5,c,all,1120042,1,1,0.5795099407346893,0.4538367246659664,0.028273251906070055,-0.15681810707731958,0.21336461088945965
12,c,all,1120042,0,1,0.25634436282965567,0.3155464893978257,-0.05435698475628027,-0.18740398441101525,0.07869001489845469
15,c,all,1120042,1,0,0.5723121503402376,0.07118001064913923,0.029458497429401063,-0.1130646107481593,0.1719816056069614
30,c,all,1120042,0,0,0.5704623645591489,0.21940483178855125,-0.13422876371029835,-0.25999770060319405,-0.008459826817402705
35,c,all,1120042,1,1,0.9786739657392877,0.960822905856447,0.06392167796693875,-0.05708823061800175,0.18493158655187922
39,c,all,1120042,1,0,0.7563312812814935,0.44306084397870127,-0.01792652827132501,-0.15652971679703978,0.12067666025438972
40,c,all,1120042,0,0,0.3237420599830905,0.29829460829318116,-0.003779978684532958,-0.1860754065983934,0.17851544922932747
43,c,all,1120042,1,0,0.7047099212791663,0.49538448081499065,-0.15844113044592698,-0.370349087526466,0.053466826634612025
45,c,all,1120042,0,0,0.1437516716050587,0.25571509261899533,-0.03452290586995581,-0.32323155479324667,0.25418574305333497
48,c,all,1120042,1,1,0.2869094591298208,0.5200283869835887,-0.060841678170090875,-0.2204473103979159,0.09876395405773411
63,c,all,1120042,1,0,0.6299929194432844,0.09389999784630385,-0.039460271789913015,-0.192620703976033,0.11370016039620695
67,c,all,1120042,1,1,0.45136367442141934,0.40273088169296534,-0.19515879088057148,-0.3433285610713429,-0.04698902068980007
69,c,all,1120042,0,0,0.5079878119731548,0.44975389859313897,-0.04427247670814911,-0.16935618802615515,0.08081123460985692
72,c,all,1120042,1,0,0.687680887309872,0.2581661358070122,-0.028166979181857843,-0.13004519948788068,0.07371124112416497
75,c,all,1120042,1,0,0.9284421657491837,0.530545732093446,-0.002184072166838526,-0.10379554974501465,0.09942740541133757
85,c,all,1120042,0,0,0.008773461662729187,0.05109755699917493,0.00235015890659871,-0.1583138048381823,0.16301412265137968
93,c,all,1120042,0,1,0.130023011162489,0.16701344340059895,-0.18872194001030906,-0.26191880520106675,-0.11552507481955139
115,c,all,1120042,0,0,0.3157245845303031,0.16436003393132187,-0.07321247525751512,-0.22811592064380587,0.08169097012877558
116,c,all,1120042,0,1,0.14650089561447632,0.15602766967695833,-0.16007472625029387,-0.337493823727091,0.017344371226503286
121,c,all,1120042,1,0,0.928058756616359,0.4449361891024042,-0.28090761584310947,-0.4130452084530648,-0.14877002323315416
122,c,all,1120042,1,0,0.7854315242155323,0.07005176903682984,-0.23549527692566638,-0.34197854225503793,-0.12901201159629488
123,c,all,1120042,0,1,0.24285397886031196,0.2891142413764237,-0.005129522835014168,-0.1314989180119968,0.12123987234196845
126,c,all,1120042,0,0,0.2349973785016528,0.2693385153762674,-0.21319404842482062,-0.38344828566470607,-0.04293981118493523
130,c,all,1120042,0,0,0.13407671620313125,0.07961827478601632,-0.006943548988211707,-0.26328573776594405,0.2493986397895206
137,c,all,1120042,0,0,0.12386641372831915,0.06768471258818856,-0.21522539326153203,-0.404537373084875,-0.02591341343818912
145,c,all,1120042,1,0,0.41705238531687083,0.43019423865340467,-0.10122989470335433,-0.20091169841813983,-0.0015480909885688537
151,c,all,1120042,0,1,0.6197546289092177,0.31810246434372685,-0.2842801137712286,-0.5178856331215493,-0.05067459442090791
152,c,all,1120042,1,1,0.9830359957167152,0.6898611735217169,-0.03844418700463149,-0.2750843061010742,0.19819593209181122
162,c,all,1120042,0,0,0.5552481046088609,0.6615882238485635,-0.21302006766490325,-0.36987499814342384,-0.05616513718638269
167,c,all,1120042,0,1,0.48302295469853984,0.7763439758629804,0.020486282793699115,-0.20149969529820272,0.24247226088560092
169,c,all,1120042,1,1,0.7583598332357883,0.8869413440969263,-0.17868516421366729,-0.311364063352989,-0.046006265074345604
175,c,all,1120042,1,1,0.9906919064234747,0.6635117293858521,-0.1789514109652272,-0.2855908249148605,-0.07231199701559395
180,c,all,1120042,1,1,0.9431594287607539,0.6560185830053453,0.009761220752712636,-0.21356552279626267,0.23308796430168788
186,c,all,1120042,1,0,0.6104696005485014,0.2822875034246871,-0.07553043551887936,-0.21278625342317753,0.06172538238541875
193,c,all,1120042,0,0,0.3509801020968205,0.26746906079696997,-0.018483336152767742,-0.1412386509994838,0.10427197869394828
196,c,all,1120042,0,0,0.39530832788932496,0.3800266421379802,-0.04476292701102514,-0.15580218883224092,0.06627633481019063
198,c,all,1120042,0,0,0.07190005219011496,0.09578625194541361,-0.012613302052869568,-0.21414759046235793,0.18892098635661875
205,c,all,1120042,1,1,0.9613396544842974,0.5816504119753125,0.012315925355482947,-0.10687787915460326,0.1315097298655691
208,c,all,1120042,1,1,0.4020930077434365,0.5419701539529151,-0.12208621739591972,-0.2429174962210967,-0.0012549385707427835
211,c,all,1120042,0,0,0.1245327252569393,0.14224924521077723,-0.04516076551934224,-0.22799033645950528,0.13766880542082077
229,c,all,1120042,0,0,0.2621232533283572,0.06419290388977453,-0.006613640181032578,-0.1615497017084863,0.1483224213464211
237,c,all,1120042,0,1,0.17089158510717117,0.7903440719712191,0.028843400884724677,-0.15875459747410486,0.21644139924355416
241,c,all,1120042,1,0,0.30261885809355343,0.3445045280194968,-0.1766280369661348,-0.30146816233540624,-0.05178791159686341
246,c,all,1120042,0,0,0.005692338093679031,0.041764964169164996,0.012202504412164193,-0.2091876498327845,0.23359265865711284
250,c,all,1120042,1,1,0.9465197750492464,0.6751346002015987,-0.1538424870705451,-0.23330965726982839,-0.07437531687126184
254,c,all,1120042,0,1,0.15724832167185027,0.16255735638160038,-0.005429634491378296,-0.2397293366969175,0.22887006771416088
261,c,all,1120042,0,0,0.2035668815808304,0.387093334266194,-0.04933265185898604,-0.27017369027205157,0.17150838655407946
264,c,all,1120042,1,1,0.5687037642510144,0.8295066338001847,-0.0479696524849719,-0.1815320759914388,0.08559277102149498
265,c,all,1120042,0,0,0.5181619610469814,0.2845084867924121,-0.24778702755211704,-0.4521359614986805,-0.04343809360555362
270,c,all,1120042,0,0,0.13629795483786236,0.09318955076140835,-0.15978909809771527,-0.3682834209761642,0.04870522478073361
271,c,all,1120042,1,0,0.8546210098694014,0.9541555603427572,-0.07897129799178496,-0.18577407743799795,0.027831481454428
277,c,all,1120042,1,1,0.9027483920149099,0.7486342783102978,0.07500763549070463,-0.11748200840890274,0.267497279390312
278,c,all,1120042,1,1,0.9841651279161855,0.9196062819023793,-0.12479898163986018,-0.22875016218712207,-0.020847801092598317
282,c,all,1120042,0,0,0.6051305496028134,0.4427055322724863,-3.3137885095310335e-05,-0.22697760953428206,0.22691133376409137
284,c,all,1120042,0,1,0.28059544267700626,0.584743973485635,-0.041019070790975436,-0.17781301993736584,0.09577487835541493
288,c,all,1120042,1,0,0.852059632776595,0.7137701694666436,-0.05288845984345413,-0.24792265613153053,0.1421457364446222
294,c,all,1120042,1,1,0.8847277472983341,0.42768069035977857,-0.14815295058232578,-0.23466668328030205,-0.06163921788434952
318,c,all,1120042,0,0,0.6250534679475723,0.4899685237307624,-0.019066899789975923,-0.1388766822245505,0.1007428826445986
319,c,all,1120042,1,1,0.9308190392508676,0.8273636067586752,0.012002250467013885,-0.19772221602470472,0.22172671695873247
328,c,all,1120042,0,1,0.27963988530501427,0.2923196241303657,0.05759655387482686,-0.02973064060490388,0.14492374835455757
334,c,all,1120042,0,0,0.17600898200510934,0.12592809276778683,-0.2118980384251621,-0.3835665905321833,-0.04022948631814097
339,c,all,1120042,0,1,0.778250916395819,0.8053296418123737,-0.27461022897695647,-0.43753615602655016,-0.11168430192736281
343,c,all,1120042,1,1,0.8779920732338832,0.48729871016220194,-0.047305527322750125,-0.26959575422370124,0.17498469957820093
346,c,all,1120042,0,0,0.5658124678015921,0.2916861019350232,-0.15104316803110995,-0.25529682054451885,-0.04678951551770105
347,c,all,1120042,0,1,0.09579716585287354,0.4285466470989947,-0.22298569982058117,-0.36327668836179794,-0.0826947112793644
349,c,all,1120042,0,1,0.8829237622268957,0.7969397220462902,-0.057280296793932955,-0.15884030996442672,0.044279716376560765
350,c,all,1120042,1,1,0.9973742424238331,0.920800968679834,-0.02105430465883412,-0.30231845788257106,0.26020984856490276
354,c,all,1120042,1,0,0.7082491267779003,0.5885550619538565,-0.01792652827132501,-0.15652971679703978,0.12067666025438972
357,c,all,1120042,1,1,0.5663855336684623,0.5832321448491248,-0.22012157706122798,-0.33700569305264994,-0.10323746106980608
360,c,all,1120042,1,0,0.3412657629327169,0.19991624681511508,-0.20302512996903116,-0.397788475112661,-0.008261784825401297
361,c,all,1120042,0,0,0.2768589477071071,0.20832456250053388,-0.108982895956008,-0.23326125871390496,0.01529546680188891
365,c,all,1120042,1,0,0.6800472503186337,0.28771294418683147,-0.19389019814836783,-0.35575297416644275,-0.03202742213029297
368,c,all,1120042,1,0,0.7344033841766269,0.3888808466789951,-0.167471211336824,-0.35020925321301555,0.015266830539367504
370,c,all,1120042,1,0,0.16386531345106772,0.03801651685690381,-0.36259127647773853,-0.548886797856233,-0.1762957550992442
380,c,all,1120042,0,1,0.833489037954595,0.356587592256022,-0.27489016277317957,-0.40070813193385335,-0.1490721936125058
384,c,all,1120042,1,1,0.8132495380169068,0.8763864956697166,0.04600218544822731,-0.22110673730417796,0.31311110820063254
392,c,all,1120042,1,1,0.8393814095162522,0.8138724082562883,-0.002385604483364927,-0.254188962476999,0.2494177535102691
398,c,all,1120042,0,1,0.3785590436181826,0.37164636327183176,-0.24890955428858752,-0.4424065977375625,-0.055412510839612544
399,c,all,1120042,1,1,0.9970146286266044,0.8330526085140617,-0.14275149309402405,-0.2477038987545045,-0.03779908743354361
409,c,all,1120042,0,0,0.16108848708925477,0.38505198503875565,0.031899789933813386,-0.2570852660900265,0.3208848459576532
422,c,all,1120042,1,1,0.4016981247030861,0.4134135046374263,0.07698064096979744,-0.0922552222165856,0.24621650415618046
424,c,all,1120042,1,0,0.8073598954004613,0.5721889064663956,-0.05704724895441077,-0.14938181560950098,0.035287317700679416
429,c,all,1120042,0,0,0.04054208125764262,0.015415465732562732,-0.17206618783402114,-0.3389578216221011,-0.005174554045941249
431,c,all,1120042,1,1,0.41909244293591036,0.48339843987886705,-0.18987336821480247,-0.2762143252141825,-0.10353241121542249
433,c,all,1120042,0,0,0.023721087657617025,0.07276465874225169,-0.05733548948003102,-0.16450016824263355,0.04982918928257149
435,c,all,1120042,0,1,0.3061427875433654,0.700626917437417,0.005255158282402825,-0.11020077559645879,0.1207110921612644
436,c,all,1120042,0,1,0.0399836780602693,0.20887029043875618,-0.3090421349937414,-0.4363856288418029,-0.1816986411456799
446,c,all,1120042,1,0,0.1264833686632071,0.08754183965354545,-0.20743623937360006,-0.32902333222384084,-0.08584914652335933
447,c,all,1120042,1,1,0.5728568074196896,0.6648724371247139,-0.1916848360875354,-0.3954919623878479,0.012122290212777082
451,c,all,1120042,1,1,0.8444254813054439,0.6781222161862843,-0.27614873771601817,-0.40997489257752745,-0.14232258285450894
460,c,all,1120042,1,0,0.4015081191488899,0.4015520342975686,-0.043178242229781984,-0.13129160086088534,0.04493511640132134
462,c,all,1120042,0,0,0.47995226962218024,0.42316123966686997,-0.01856033702384686,-0.14460730407066397,0.1074866300229702
465,c,all,1120042,0,1,0.4186121225571804,0.6903555027779911,-0.07732582567997381,-0.2531631687720748,0.09851151741212713
467,c,all,1120042,0,0,0.1342401733103888,0.22484105768975188,0.07629729220617186,-0.1519901722014464,0.30458475661379003
468,c,all,1120042,1,0,0.4473842545395611,0.529895746520903,-0.18974082032532574,-0.34852327638370534,-0.030958364266946176
474,c,all,1120042,0,0,0.33848953380953606,0.4437431303116669,0.009580815870861039,-0.19941910938260834,0.21858074112433037
478,c,all,1120042,1,0,0.4815879254233275,0.16815828655816542,-0.15340837876467453,-0.31271697475641846,0.0059002172270693765
481,c,all,1120042,0,1,0.4228237656759794,0.4404462708179714,0.0012301866280695637,-0.21555320945467854,0.21801358271081764
486,c,all,1120042,1,1,0.7587397429099123,0.4762036150534132,-0.15167557597244666,-0.28768898927877384,-0.015662162666119556
487,c,all,1120042,1,1,0.8500060230190346,0.5260554622274924,-0.06863874227837198,-0.21990131950342617,0.0826238349466822
498,c,all,1120042,0,0,0.180842069467446,0.03474413597458952,-0.3035367244457328,-0.47017637159059067,-0.13689707730087505
503,c,all,1120042,0,0,0.3158733490225002,0.15853159349320858,-0.0569514622570782,-0.1580047419085068,0.04410181739435037
507,c,all,1120042,1,1,0.8888542066688003,0.8359920924028177,-0.11131400493666975,-0.28553483246273625,0.06290682258939674
508,c,all,1120042,0,0,0.4861368559230739,0.22187266355716656,-0.05684574400676857,-0.18667887305594358,0.07298738504240643
514,c,all,1120042,1,1,0.8647892913411044,0.7761679862678833,-0.09943992209331362,-0.20232559738552253,0.0034457531988952572
526,c,all,1120042,0,0,0.039456746332682716,0.09443630355538443,-0.049733457657957225,-0.13874643279036483,0.039279517474450354
528,c,all,1120042,1,1,0.9257797740573446,0.6608412985589942,-0.15046904515218196,-0.3208633120156857,0.019925221711321717
532,c,all,1120042,1,0,0.6405983393398481,0.19536453691712477,-0.3409193650996422,-0.5591648253982523,-0.12267390480103219
534,c,all,1120042,0,1,0.574922516218826,0.9359668565212989,0.10030107884815342,-0.0685709051193813,0.2691730628156881
535,c,all,1120042,0,0,0.6147030586072774,0.21875295045396662,-0.06877950601895028,-0.17172345969632313,0.03416444765842257
538,c,all,1120042,1,0,0.8370200904420662,0.6371842010036332,-0.027139127745095214,-0.15571107505516588,0.10143281956497541
539,c,all,1120042,0,1,0.3879392846172719,0.38386340133079816,-0.17337798687717368,-0.3211120131903636,-0.025643960563983798
546,c,all,1120042,0,0,0.20731621333067357,0.09652850182168615,-0.1000080359369255,-0.19099604056541203,-0.009020031308439008
549,c,all,1120042,1,0,0.7399756948167913,0.3100032205687007,-0.005408383828642907,-0.2128236892146897,0.20200692155740385
550,c,all,1120042,0,0,0.1293658392831369,0.05883171754579166,-0.20118817069273956,-0.33743960536143514,-0.06493673602404407
552,c,all,1120042,1,0,0.4535026520730274,0.18965967460067157,-0.1289382249047506,-0.3060453733622357,0.0481689235527345
559,c,all,1120042,1,0,0.6782126178562653,0.27594932424060925,-0.18960756534434117,-0.32705997731116443,-0.05215515337751797
560,c,all,1120042,1,1,0.9485907983199526,0.6528644179184996,-0.12844026821909593,-0.29528119005055464,0.03840065361236275
561,c,all,1120042,1,0,0.5217864440997997,0.34432787211813604,-0.08187348951540767,-0.22926368214563086,0.06551670311481551
563,c,all,1120042,0,0,0.288810887092968,0.18098102712418604,-0.1332374478998337,-0.3147649876150902,0.048290091815422764
568,c,all,1120042,1,1,0.945792509206312,0.8868332236311733,-0.20209554306447486,-0.3670381896620436,-0.0371528964669062
569,c,all,1120042,0,1,0.5699463291222611,0.7944201465389815,0.03163014732522364,-0.17099892861628663,0.23425922326673387
571,c,all,1120042,0,0,0.019360718143083242,0.20212904424201766,0.11846741142544032,-0.12193292090820196,0.35886774375908254
576,c,all,1120042,1,0,0.985657195683646,0.7904012675222625,-0.23914422470617355,-0.3940275299428818,-0.08426091946946535
578,c,all,1120042,0,0,0.4767550890856798,0.2592906969803374,-0.07010779228809556,-0.16313701888752238,0.02292143431133123
580,c,all,1120042,1,1,0.9683649971691306,0.9373258311670802,0.0676658038670402,-0.07293194878014907,0.20826355651422945
584,c,all,1120042,1,0,0.49698425281219805,0.6131683013636084,-0.06808350459819737,-0.2786806702005731,0.14251366100417825
588,c,all,1120042,1,1,0.7256973802344092,0.6843480839944683,-0.015369792289625967,-0.24693865529753264,0.21619907071828068
594,c,all,1120042,0,1,0.3328267557033292,0.2565078582404733,-0.15584120516213384,-0.2421204527046925,-0.06956195761957522
599,c,all,1120042,0,1,0.23146940847626968,0.09030329016421156,-0.0709493544259569,-0.19872677223078714,0.056828063378873306
603,c,all,1120042,1,1,0.950662659254123,0.6967093952267789,-0.18341725613358545,-0.383662449273677,0.016827937006506033
606,c,all,1120042,0,1,0.08517606265379603,0.1726932825481575,0.02205052860048007,-0.08526749825783907,0.1293685554587992
607,c,all,1120042,0,0,0.07414474202561468,0.2048679698877292,-0.004241247637250356,-0.13145865116673003,0.12297615589222928
609,c,all,1120042,0,1,0.27752184490103415,0.10971715898201159,-0.12619401603036112,-0.21929535494374158,-0.033092677116980704
614,c,all,1120042,1,1,0.7368159723539404,0.6359210895611271,-0.06650308335155179,-0.2260555019822017,0.09304933527909807
617,c,all,1120042,1,0,0.8010460484695189,0.650511355219487,-0.2645284773408993,-0.4890755488436491,-0.03998140583814952
621,c,all,1120042,1,1,0.6441455579586658,0.5836106553929661,-0.1157790400185126,-0.27378038823214385,0.042222308195118616
626,c,all,1120042,1,0,0.6213043595348011,0.155859015377392,-0.14053092485562416,-0.24496556317110088,-0.036096286540147446
638,c,all,1120042,1,0,0.20200546242296272,0.051601145618087776,-0.15175233464150534,-0.28665140891629093,-0.016853260366719774
648,c,all,1120042,1,1,0.40996509811221016,0.8800482851214708,-0.05176941905002704,-0.1997068920389458,0.09616805393889163
651,c,all,1120042,1,0,0.6876186017763336,0.4103267311720954,0.028072478030439427,-0.1366143777270752,0.192759333787954
656,c,all,1120042,0,0,0.21672815872068227,0.5370490537827723,-0.07473210195447358,-0.223600862459478,0.07413665855053081
662,c,all,1120042,0,0,0.5412854875092089,0.3430190257465138,-0.007556882774477097,-0.2448234898132549,0.22970972426430067
663,c,all,1120042,1,1,0.558955966984612,0.5429086181082996,-0.030098897619863178,-0.11820511466082625,0.05800731942109989
676,c,all,1120042,1,0,0.5596279154696608,0.5356363889106331,-0.03639183190075817,-0.17481400181868845,0.10203033801717207
680,c,all,1120042,1,0,0.7326959997507487,0.11702339723451408,-0.1642822888589275,-0.3358655258757668,0.0073009481579117685
684,c,all,1120042,0,0,0.5095809620747207,0.10132008379383037,-0.15488865457135678,-0.31139527965468994,0.0016179705119763743
689,c,all,1120042,1,1,0.9593965059098839,0.9708116047422297,0.012642261790303982,-0.13525922858161973,0.16054375216222766
702,c,all,1120042,0,0,0.01001131091100082,0.038305986848346504,-0.07489262039650461,-0.171545627429473,0.021760386636463735
705,c,all,1120042,1,0,0.9818387908092856,0.7573522870442211,-0.19945349028406117,-0.3435443580831825,-0.055362622484939866
707,c,all,1120042,1,0,0.27816788105154966,0.05224217720605552,-0.2995026057952259,-0.5030897163008035,-0.09591549528964846
708,c,all,1120042,0,0,0.30407980437283283,0.16554360367297483,-0.208088330465347,-0.47620396090261197,0.06002729997191783
712,c,all,1120042,0,0,0.12268991638648168,0.1609438312464406,0.05643828645546307,-0.07759660711130806,0.19047318002223412
713,c,all,1120042,0,1,0.23599487445084782,0.8782731705182754,0.09244990914878554,-0.07409402996315903,0.2589938482607301
723,c,all,1120042,1,1,0.9521620121455607,0.7180788959887858,0.051928282709206866,-0.04949765385433397,0.15335421927274767
727,c,all,1120042,0,0,0.0032718255340256686,0.06262436697095923,0.004850777469878711,-0.0939253158881199,0.10362687082787729
735,c,all,1120042,1,1,0.8534351673132365,0.7130838936189542,0.025766101700153282,-0.13760632007458676,0.1891385234748933
739,c,all,1120042,0,1,0.0895373639085759,0.18533995038691384,0.0050478179806326936,-0.15405393863903752,0.16414957460030288
743,c,all,1120042,1,0,0.818683828918493,0.6157485834573707,-0.31541609436638685,-0.504372618288212,-0.12645957044456171
744,c,all,1120042,0,0,0.09329951122621168,0.04147368520625212,-0.02156613549914848,-0.16879470577850852,0.12566243478021152
752,c,all,1120042,1,0,0.3348775343979218,0.24354561544039965,-0.04112755890937788,-0.22523854139546956,0.14298342357671373
760,c,all,1120042,1,1,0.7485418695547517,0.8305860348800336,-0.21274955366218765,-0.328931917152137,-0.09656719017223835
773,c,all,1120042,1,1,0.914863198781001,0.9121508805594647,-0.004757272632841439,-0.16929272814441199,0.15977818287872902
776,c,all,1120042,0,0,0.14330884330943064,0.09585268083584231,0.022157265182993807,-0.08748230046877835,0.13179683083476593
779,c,all,1120042,0,0,0.25515722437842836,0.42313541948263494,-0.051687233360881074,-0.13950416965885737,0.03612970293709519
781,c,all,1120042,1,1,0.6521171674969055,0.7699677984932014,0.011803033140596692,-0.21437691523194902,0.23798298151314234
782,c,all,1120042,1,0,0.9196777343953141,0.35580012373365577,-0.14387272643896343,-0.2247362831511788,-0.06300916972674807
783,c,all,1120042,0,0,0.052725484334855174,0.24062261436335358,0.011779013513611374,-0.14499475338711346,0.16855278041433616
786,c,all,1120042,0,0,0.038129437041765454,0.11437638706227057,-0.007977157434225803,-0.16946586326749372,0.15351154839904207
798,c,all,1120042,1,1,0.8327737945049247,0.7832853421639149,0.0016028183475348928,-0.15673607197077785,0.1599417086658476
822,c,all,1120042,0,0,0.7964023859694794,0.7226986869274034,0.016632378238648715,-0.12828991076471513,0.16155466724201253
827,c,all,1120042,0,1,0.20564334032025058,0.41138054234518756,-0.34901571905524864,-0.525550366317104,-0.1724810717933934
839,c,all,1120042,0,0,0.34578892978679315,0.051244972271561925,-0.1846272334946714,-0.3213191959393362,-0.04793527105000661
841,c,all,1120042,0,0,0.01986152714689624,0.10164040189477093,0.018930807781188667,-0.1726259935792176,0.21048760914159487
845,c,all,1120042,1,1,0.7845205245651108,0.5028463854562355,0.018463876278017755,-0.09408552514597761,0.1310132777020131
848,c,all,1120042,0,0,0.04549534038197327,0.20059538901900606,-0.02272917663848773,-0.16974463564968897,0.12428628237271347
859,c,all,1120042,1,1,0.7602096924000428,0.7230801507304332,0.03455961042120308,-0.13599672947467922,0.20511595031708535
868,c,all,1120042,1,0,0.21062354843487743,0.063593025792975,-0.08519238870551793,-0.22957211052353207,0.05918733311249619
875,c,all,1120042,1,1,0.2095630028940588,0.25006395669028647,0.001993125275690036,-0.231082083680699,0.235068334232079
890,c,all,1120042,1,1,0.9876736406620003,0.7278839613296899,-0.04387618887224814,-0.15972983282039172,0.07197745507589542
892,c,all,1120042,0,0,0.8076451424384119,0.15579588391163268,-0.2195649184503356,-0.30297057439579617,-0.13615926250487503
893,c,all,1120042,0,1,0.36619238613250343,0.21868543651928912,-0.14865849866761377,-0.27499672524211777,-0.0223202720931098
898,c,all,1120042,1,1,0.4525570471867022,0.756871634384734,-0.17198771715861277,-0.3224682300390763,-0.021507204278149228
908,c,all,1120042,1,1,0.6409932429013714,0.5389593655355163,-0.02875362064518341,-0.26146864333148034,0.2039614020411135
913,c,all,1120042,0,0,0.3899701749588428,0.4784470629741566,0.1458118318068833,-0.0961789833932673,0.3878026470070339
915,c,all,1120042,1,1,0.9523558435925716,0.7524112911697871,-0.06877266607829602,-0.2886572913815617,0.15111195922496964
917,c,all,1120042,1,0,0.9238051845363644,0.6510453356614134,0.02911987215253256,-0.16206126666496737,0.22030101097003243
924,c,all,1120042,0,1,0.04175351115731589,0.2874748128522011,-0.17961463350919876,-0.40274462915297893,0.04351536213458132
929,c,all,1120042,1,0,0.6620698022112063,0.5400270204453902,-0.017447836495845685,-0.21569984315529098,0.18080417016359954
934,c,all,1120042,0,0,0.1803652267088213,0.20640850057550725,-0.19964578075269857,-0.35462220538909595,-0.04466935611630124
955,c,all,1120042,1,1,0.8200078699622656,0.44067151123631954,-0.13048479507168922,-0.24301706716890847,-0.017952522974470003
960,c,all,1120042,1,1,0.3643006462551074,0.5474723955226384,0.0695396786106366,-0.1354089409059996,0.27448829812727277
961,c,all,1120042,0,1,0.5523427628313958,0.32622440004488346,-0.007333983509621156,-0.12309333501129335,0.10842536799205102
967,c,all,1120042,0,0,0.6292753281413974,0.5409563573366716,0.0785453449341207,-0.023187134151719066,0.18027782401996045
976,c,all,1120042,0,0,0.1875189495787529,0.09550610275025576,-0.24875956959661147,-0.4578587120353235,-0.03966042715789944
977,c,all,1120042,1,0,0.9290030480519587,0.6776003156365273,0.003958293049521313,-0.13346947475261053,0.1413860608516531
980,c,all,1120042,1,1,0.8907828288358244,0.6749097282986457,-0.0951228174864976,-0.2058944507440264,0.01564881577103118
986,c,all,1120042,1,0,0.719338469580331,0.2546037122448208,-0.19924215135013562,-0.3046765076051967,-0.09380779509507454
987,c,all,1120042,0,0,0.39239782738313184,0.3616015143122924,-0.04021794706192785,-0.2697255226764123,0.18928962855255654
989,c,all,1120042,0,0,0.41956555533879414,0.22006559188022567,-0.24274263029673993,-0.4085608508282077,-0.0769244097652722
